Workbook
Name Slicer_City: #N/A
Name Slicer_Department: #N/A

Sheet Old_Patient_Records
A1: Patient_ID | B1: Patient_Name | C1: Age | D1: Gender | E1: City | F1: Blood_Group | G1: Diagnosis | H1: Height_cm | I1: Weight_kg | J1: Smoking_Status | K1: Has_Insurance | L1: Department | M1: Admission_Date | N1: Bill_Amount
A2: PT-1424 | B2: Valentina Perez | C2: 200 | D2: Male | E2: Delhi | F2: Ab- | G2: Obesity | H2: 164 | I2: 125.7 | J2: Former | K2: TRUE | L2: cardiology | M2: 2023-02-04 | N2: 17228.95
A3: PT-1017 | B3: Juan Reddy | C3: 200 | D3: Female | E3: Hyderabad | F3: Ab- | G3: Covid19 | H3: 170 | I3: 99.4 | J3: N | K3: Y | L3: Psychiatry | M3: 05-23-2021 | N3: 17881.73
A4: PT-1507 | B4: Yuki Patel | C4: 150 | D4: Male | E4: Sydney | F4: O+ | G4: Unknown | H4: 167.9 | I4: 70.7 | J4: Never | L4: Nephrology | M4: 2021-04-27 | N4: 27888.06
A5: PT-1305 | B5: Wei Nair | C5: 150 | D5: Male | E5: Mumbai | F5: B- | G5: Unknown | H5: 155.9 | I5: 72 | J5: yes | L5: Orthopedics | M5: 12-14-2022 | N5: 8447.59
A6: PT-1124 | B6: Pari Anderson | C6: 150 | D6: Female | E6: Bengaluru | F6: Ab- | G6: Diabetes Type 2 | H6: 147.4 | I6: 106.4 | K6: 0 | L6: Dermatology | M6: 27/05/2023 | N6: 30999.48
A7: PT-1277 | B7: David Hernandez | C7: 95 | D7: Female | E7: Chennai | F7: A- | G7: Anemia | H7: 175.4 | I7: 61.5 | J7: No | K7: 1 | L7: Dermatology | M7: 23-Sep-2022 | N7: 26930.03
A8: PT-1295 | B8: Ishaan Ibrahim | C8: 95 | D8: Other | E8: Houston | F8: O+ | G8: Hypothyroidism | H8: 178 | I8: 108 | J8: Unknown | L8: Nephrology | M8: 06-25-2023 | N8: 34612.78
A9: PT-1136 | B9: Reyansh Sanchez | C9: 95 | D9: Other | E9: Mumbai | F9: A- | G9: Diabetes Type 2 | H9: 166.6 | I9: 123 | J9: Yes | K9: 1 | L9: Endocrinology | M9: 09/05/2023 | N9: 16429.2
A10: PT-1087 | B10: Noor Chen | C10: 95 | D10: Female | E10: Jaipur | F10: O+ | G10: Chronic Kidney Disease | H10: 160 | I10: 41.5 | K10: No | L10: Oncology | M10: 23.09.2022 | N10: 43668.91
A11: PT-1455 | B11: Ana Gupta | C11: 95 | D11: Male | E11: Pune | F11: A+ | G11: Hypertension | H11: 160 | I11: 117 | J11: Never | K11: FALSE | L11: Dermatology | M11: 07-11-2021 | N11: 23560.94
A12: PT-1394 | B12: Maria Wilson | C12: 94 | D12: Female | E12: Mumbai | F12: Ab- | G12: Anemia | H12: 156 | I12: 103 | J12: Unknown | K12: TRUE | L12: General Medicine | M12: 21/10/2022
A13: PT-1029 | B13: Carlos Ibrahim | C13: 94 | D13: Other | E13: Mumbai | F13: A+ | G13: Thyroid Disorder | H13: 181 | I13: 114.3 | J13: N | K13: no | L13: Psychiatry | M13: 06-27-2021 | N13: 44140.74
A14: PT-1528 | B14: Sai Kumar | C14: 94 | D14: Male | E14: Mumbai | F14: A+ | G14: Allergy | H14: 157 | I14: 92.9 | J14: no | K14: 0 | L14: Psychiatry | M14: 10-02-2022 | N14: 21545.06
A15: PT-1459 | B15: Omar Flores | C15: 94 | D15: Female | E15: Hyderabad | F15: O+ | G15: Diabetes Type 2 | H15: 193.2 | I15: 68.5 | J15: Y | K15: 1 | L15: Gastroenterology | M15: 08-Jan-2021 | N15: 47194.53
A16: PT-1335 | B16: Ming Mehta | C16: 93 | D16: Female | E16: Hyderabad | F16: Unknown | G16: Heart Disease | H16: 150.1 | I16: 82 | J16: N | K16: no | L16: Oncology | M16: 06/05/2023 | N16: 22214.7
A17: PT-1051 | B17: Hiroshi Reddy | C17: 93 | D17: Male | E17: Ahmedabad | F17: Ab+ | G17: Hypertension | H17: 152 | I17: 124 | J17: Unknown | L17: Cardiology | M17: 2021-09-03 | N17: 42893.82
A18: PT-1451 | B18: Mary Gonzalez | C18: 93 | D18: Female | E18: Chennai | F18: B- | G18: Covid19 | H18: 176 | I18: 110 | J18: Unknown | K18: TRUE | L18: Pediatrics | M18: 03-18-2021 | N18: 8480.54
A19: PT-1095 | B19: Barbara Davis | C19: 93 | D19: Other | E19: Mumbai | F19: A+ | G19: Hypothyroidism | H19: 184 | I19: 54.4 | K19: No | L19: Dermatology | M19: 08-28-2022 | N19: 30923.96
A20: PT-1043 | B20: Ana Rodriguez | C20: 92 | D20: Male | E20: Los Angeles | F20: A- | G20: Thyroid Disorder | H20: 146.6 | I20: 107.2 | J20: No | L20: Gastroenterology | M20: 25-Jul-2021 | N20: -8735.06
A21: PT-1481 | B21: Davis Reyansh | C21: 92 | D21: Male | E21: Bengaluru | F21: Ab+ | G21: Diabetes | H21: 191.2 | I21: 55 | J21: N | L21: Orthopedics | M21: 13.08.2022 | N21: 653.79
A22: PT-1470 | B22: Diya Miller | C22: 92 | D22: Male | E22: Bengaluru | F22: B- | G22: Anxiety | H22: 177.1 | I22: 125.8 | J22: Never | K22: FALSE | L22: Oncology | M22: 07-11-2022 | N22: 31334.09
A23: PT-1242 | B23: Wei Iyer | C23: 92 | D23: Male | E23: Delhi | F23: O- | G23: Diabetes Type 2 | H23: 146 | I23: 43 | J23: Y | K23: TRUE | L23: Neurology | M23: 20/02/2022 | N23: 3773.75
A24: PT-1540 | B24: Carlos Patel | C24: 92 | D24: Female | E24: Sydney | F24: Ab- | G24: Chronic Kidney Disease | H24: 147 | J24: Yes | K24: 0 | L24: Nephrology | M24: 10.11.2021 | N24: 36941.71
A25: PT-1116 | B25: Anderson Krishna | C25: 92 | D25: Male | E25: Bengaluru | F25: B+ | G25: Tuberculosis | H25: 156.8 | I25: 123.1 | J25: Current | K25: Yes | L25: Endocrinology | M25: 07.01.2023 | N25: 44827.33
A26: PT-1035 | B26: Layla Lopez | C26: 91 | D26: Male | E26: Chennai | F26: Ab- | G26: Asthma | H26: 187.9 | I26: 89 | J26: Y | K26: yes | L26: Cardiology | M26: 03/05/2021 | N26: 39735.11
A27: PT-1357 | B27: Vivaan Davis | C27: 91 | D27: Female | E27: Toronto | F27: Ab- | G27: Asthma | H27: 174 | I27: 84 | J27: N | K27: TRUE | L27: cardiology | M27: 2023-04-30 | N27: 43052.6
A28: PT-1120 | B28: Robert Sharma | C28: 91 | D28: Male | E28: Bengaluru | F28: B- | G28: Unknown | H28: 194.6 | I28: 50.3 | J28: Current | L28: orthopedics | M28: 2023/03/07 | N28: 19930.93
A29: PT-1399 | B29: Wei Gupta | C29: 91 | D29: Male | E29: Mumbai | F29: O+ | G29: Migraine | H29: 175.4 | I29: 94 | J29: Yes | K29: No | L29: Endocrinology | M29: 09.07.2021 | N29: 35724.67
A30: PT-1386 | B30: Carlos Rodriguez | C30: 90 | D30: Female | E30: Hyderabad | F30: Ab+ | G30: Chronic Kidney Disease | H30: 155 | I30: 47 | J30: Current | K30: N | L30: Oncology | M30: 13/07/2023 | N30: 13011.95
A31: PT-1027 | B31: Jose Nair | C31: 90 | D31: Male | E31: Pune | F31: O+ | G31: Obesity | H31: 191 | I31: 54.7 | J31: No | K31: 0 | L31: Cardiology | M31: 2022/10/01 | N31: 34028.69
A32: PT-1322 | B32: Pari Miller | C32: 90 | D32: Female | E32: Delhi | F32: B- | G32: Depression | H32: 180 | J32: Never | K32: Y | L32: Orthopedics | M32: 04/07/2021 | N32: 15222.43
A33: PT-1201 | B33: Robert Zhang | C33: 90 | D33: Other | E33: Bengaluru | F33: Unknown | G33: Hypertension | H33: 175 | I33: 118.9 | J33: Y | K33: no | L33: Cardiology | M33: 2021/01/15 | N33: 26365.76
A34: PT-1022 | B34: Camila Reddy | C34: 90 | D34: Other | E34: Chicago | F34: A- | G34: Depression | H34: 172 | I34: 81.8 | J34: Former | K34: 0 | L34: Psychiatry | M34: 31-Oct-2023 | N34: 41613.17
A35: PT-1505 | B35: Maria Garcia | C35: 90 | D35: Other | E35: Houston | F35: B- | G35: Hypertension | H35: 195 | I35: 58 | J35: Current | K35: no | L35: Orthopedics | M35: 2022-03-08 | N35: 18933.3
A36: PT-1290 | B36: Ayaan Lopez | C36: 90 | D36: Female | E36: Pune | F36: Ab- | G36: Covid19 | H36: 180 | I36: 45.7 | J36: Former | K36: FALSE | L36: General Medicine | M36: 2023-12-15 | N36: 23773.11
A37: PT-1321 | B37: Myra Ramirez | C37: 90 | D37: Female | E37: Mumbai | F37: Unknown | G37: Chronic Kidney Disease | H37: 157 | I37: 104.4 | J37: Yes | L37: Nephrology | M37: 13.03.2021 | N37: 33280.06
A38: PT-1031 | B38: Barbara Verma | C38: 89 | D38: Female | E38: Jaipur | F38: O+ | G38: Chronic Kidney Disease | H38: 175 | I38: 80.8 | J38: Y | K38: no | L38: Cardiology | M38: 01-30-2022 | N38: 6417.96
A39: PT-1031 | B39: Barbara Verma | C39: 89 | D39: Female | E39: Jaipur | F39: O+ | G39: Chronic Kidney Disease | H39: 182 | I39: 80.8 | J39: Y | K39: no | L39: Cardiology | M39: 01-30-2022 | N39: 6417.96
A40: PT-1061 | B40: John Smith | C40: 89 | D40: Female | E40: Bengaluru | F40: Unknown | G40: Diabetes Type 2 | H40: 175 | I40: 75.6 | K40: N | L40: Neurology | M40: 14/11/2022 | N40: 4280.78
A41: PT-1150 | B41: Michael Hussain | C41: 89 | D41: Female | E41: Delhi | F41: A+ | G41: Unknown | H41: 151 | I41: 78 | J41: Never | K41: FALSE | L41: Nephrology | M41: 02-15-2023 | N41: 27528.19
A42: PT-1521 | B42: Valentina Gonzalez | C42: 89 | D42: Female | E42: Delhi | F42: Unknown | G42: Diabetes | H42: 177.8 | I42: 90 | L42: Cardiology | M42: 19/05/2022 | N42: 29524
A43: PT-1410 | B43: Jose Gupta | C43: 89 | D43: Female | E43: Ahmedabad | F43: Unknown | G43: Hypothyroidism | H43: 167 | I43: 500 | J43: yes | L43: Neurology | M43: 06.04.2022 | N43: 36918.42
A44: PT-1417 | B44: Riya Rodriguez | C44: 89 | D44: Female | E44: Houston | F44: O+ | G44: Thyroid Disorder | H44: 0 | I44: 44 | J44: no | K44: yes | L44: Orthopedics | M44: 17/03/2022 | N44: 30306.15
A45: PT-1218 | B45: Krishna Zhang | C45: 89 | D45: Female | E45: Pune | F45: Unknown | G45: Arthritis | H45: 187 | I45: 66 | J45: Yes | K45: 1 | L45: orthopedics | M45: 22-Jan-2022 | N45: 44167.02
A46: PT-1291 | B46: Barbara Flores | C46: 89 | D46: Male | E46: Bengaluru | F46: Ab+ | G46: Tuberculosis | H46: 145.6 | I46: 66 | J46: No | K46: yes | L46: Orthopedics | M46: 18.08.2021 | N46: 7823.73
A47: PT-1372 | B47: Arjun Wang | C47: 89 | D47: Female | E47: Sydney | F47: O+ | G47: Diabetes Type 2 | H47: 177 | I47: 54.6 | J47: Yes | K47: FALSE | L47: Neurology | M47: 08.01.2021 | N47: 11539.74
A48: PT-1300 | B48: Maria Wilson | C48: 89 | D48: Male | E48: Pune | F48: A+ | G48: Diabetes | H48: 153.8 | I48: 72.6 | J48: Unknown | K48: TRUE | L48: Psychiatry | M48: 13.06.2022 | N48: 34452.69
A49: PT-1336 | B49: Sai Lopez | C49: 88 | D49: Male | E49: Pune | F49: Unknown | G49: Arthritis | H49: 185.5 | I49: 86 | J49: No | K49: FALSE | L49: Dermatology | M49: 06-03-2022 | N49: 13115.58
A50: PT-1361 | B50: Vihaan Lopez | C50: 88 | D50: Male | E50: Delhi | F50: Ab+ | G50: Anxiety | H50: 182 | I50: 90.7 | J50: No | K50: TRUE | L50: Gastroenterology | M50: 09/09/2021 | N50: 36391.15
A51: PT-1059 | B51: Ming Nair | C51: 87 | D51: Male | E51: Toronto | F51: Unknown | G51: Chronic Kidney Disease | H51: 153 | I51: 45 | J51: Y | K51: no | L51: Endocrinology | M51: 10-09-2021 | N51: 14827.63
A52: PT-1193 | B52: Sofia Ali | C52: 87 | D52: Female | E52: Mumbai | F52: Unknown | G52: Tuberculosis | H52: 179 | I52: 56 | J52: Y | K52: yes | L52: Nephrology | M52: 02-07-2022 | N52: 36810.46
A53: PT-1121 | B53: Ananya Anderson | C53: 87 | D53: Male | E53: Mumbai | F53: B- | G53: Heart Disease | H53: 180 | I53: 78 | J53: Unknown | K53: TRUE | L53: Oncology | M53: 16-Jan-2022 | N53: 31957.33
A54: PT-1008 | B54: Mateo Williams | C54: 86 | D54: Male | E54: Delhi | F54: Ab- | G54: Chronic Kidney Disease | H54: 165 | I54: 93 | J54: Unknown | K54: no | L54: Cardiology | M54: 26.05.2021 | N54: 31739.6
A55: PT-1164 | B55: Anika Rodriguez | C55: 86 | D55: Female | E55: Houston | F55: B+ | G55: Diabetes Type 2 | H55: 154.8 | I55: 82.4 | K55: 1 | L55: Endocrinology | M55: 10.01.2022 | N55: 45029.76
A56: PT-1264 | B56: Robert Liu | C56: 86 | D56: Male | E56: Chennai | F56: A+ | G56: Asthma | H56: 192.6 | I56: 128 | J56: No | K56: yes | L56: Dermatology | M56: 02-May-2023 | N56: 44732.33
A57: PT-1188 | B57: Yuki Rodriguez | C57: 86 | D57: Male | E57: Pune | F57: Ab+ | G57: Diabetes Type 2 | H57: 184 | I57: 103.2 | K57: No | L57: Gastroenterology | M57: 2021-11-11 | N57: 23231.65
A58: PT-1315 | B58: Reyansh Brown | C58: 86 | D58: Female | E58: Kolkata | F58: B+ | G58: Covid19 | H58: 186 | I58: 88.2 | J58: Y | K58: Yes | L58: Orthopedics | M58: 04/04/2023 | N58: 31416.33
A59: PT-1537 | B59: Vihaan Iyer | C59: 86 | D59: Female | E59: Mumbai | F59: B+ | G59: Chronic Kidney Disease | H59: 156 | I59: 74.7 | J59: N | K59: Y | L59: Psychiatry | M59: 12-06-2023 | N59: 26768.93
A60: PT-1164 | B60: Anika Rodriguez | C60: 86 | D60: Female | E60: Houston | F60: B+ | G60: Diabetes Type 2 | H60: 173 | I60: 82.4 | K60: 1 | L60: Endocrinology | M60: 10.01.2022 | N60: 45029.76
A61: PT-1019 | B61: Diego Williams | C61: 86 | D61: Female | E61: Sydney | F61: O+ | G61: Pneumonia | H61: 158.4 | I61: 100 | J61: Never | L61: Orthopedics | M61: 18/09/2021 | N61: 21312.09
A62: PT-1297 | B62: John Torres | C62: 86 | D62: Female | E62: Bengaluru | F62: O+ | G62: Bronchitis | H62: 153.6 | J62: N | K62: N | L62: Orthopedics | M62: 2023/07/02 | N62: 4836.13
A63: PT-1072 | B63: Zhang Noor | C63: 86 | D63: Male | E63: Bengaluru | F63: O+ | G63: Asthma | H63: 171.6 | I63: 82.3 | J63: N | K63: Y | L63: Gastroenterology | M63: 02-03-2021 | N63: 39531.74
A64: PT-1365 | B64: Ahmed Gonzalez | C64: 85 | D64: Female | E64: Toronto | F64: O- | G64: Asthma | H64: 181.3 | I64: 91 | J64: Current | L64: Endocrinology | M64: 16/07/2022
A65: PT-1170 | B65: Juan Sharma | C65: 85 | D65: Other | E65: Ahmedabad | F65: O+ | G65: Tuberculosis | H65: 192 | I65: 110.6 | J65: no | K65: 0 | L65: Neurology | M65: 2022/06/23 | N65: 48669.43
A66: PT-1311 | B66: Hiroshi Hernandez | C66: 85 | D66: Female | E66: Los Angeles | F66: A+ | G66: Depression | H66: 162 | I66: 42.8 | J66: No | K66: TRUE | L66: Pediatrics | M66: 07-Oct-2022
A67: PT-1523 | B67: Omar Garcia | C67: 85 | D67: Male | E67: Jaipur | F67: Ab- | G67: Arthritis | H67: 175.7 | I67: 88.9 | J67: No | K67: no | L67: Cardiology | M67: 12-Aug-2022 | N67: 48483.43
A68: PT-1494 | B68: Omar Anderson | C68: 85 | D68: Other | E68: Chicago | F68: A- | G68: Covid19 | H68: 171 | I68: 128.4 | J68: Current | K68: 1 | L68: Neurology | M68: 16.12.2022 | N68: 26490.25
A69: PT-1203 | B69: David Suzuki | C69: 85 | D69: Female | E69: Hyderabad | F69: Ab- | G69: Tuberculosis | H69: 190.5 | I69: 76.1 | J69: Current | K69: 0 | L69: Gastroenterology | M69: 17/04/2021 | N69: 19760.63
A70: PT-1468 | B70: Saanvi Johnson | C70: 85 | D70: Other | E70: Mumbai | F70: A- | G70: Diabetes | H70: 164 | I70: 94 | J70: yes | K70: 1 | L70: Gastroenterology | M70: 2022-06-06 | N70: -100
A71: PT-1509 | B71: Myra Torres | C71: 85 | D71: Female | E71: Ahmedabad | F71: O- | G71: Tuberculosis | H71: 163 | J71: N | K71: FALSE | L71: Dermatology | M71: 23-Mar-2022 | N71: 3399.95
A72: PT-1339 | B72: Juan Williams | C72: 84 | D72: Male | E72: Mumbai | F72: Ab- | G72: Tuberculosis | H72: 192 | I72: 109 | J72: Former | K72: TRUE | L72: Cardiology | M72: 27/08/2021 | N72: 45169.56
A73: PT-1064 | B73: Valentina Gupta | C73: 84 | D73: Female | E73: Mumbai | F73: Unknown | G73: Chronic Kidney Disease | H73: 194 | I73: 115 | J73: Current | L73: cardiology | M73: 22/03/2021 | N73: 35527.27
A74: PT-1452 | B74: Sofia Jones | C74: 84 | D74: Male | E74: Pune | F74: O- | G74: Chronic Kidney Disease | H74: 150 | I74: 51.8 | J74: N | K74: 0 | L74: Psychiatry | M74: 2023-06-02 | N74: 44588.66
A75: PT-1363 | B75: Juan Hernandez | C75: 84 | D75: Male | E75: Bengaluru | F75: A+ | G75: Unknown | H75: 168.7 | I75: 113.2 | J75: Never | K75: yes | L75: Psychiatry | M75: 2021-01-18 | N75: 23403.28
A76: PT-1202 | B76: John Khan | C76: 84 | D76: Other | E76: Ahmedabad | F76: A+ | G76: Diabetes Type 2 | H76: 168 | I76: 76 | J76: Never | K76: 1 | L76: Endocrinology | M76: 16/09/2023 | N76: 18825.54
A77: PT-1414 | B77: Robert Singh | C77: 84 | D77: Male | E77: Ahmedabad | F77: Ab- | G77: Covid19 | H77: 165 | I77: 51 | J77: Yes | K77: 0 | L77: ENT | M77: 09-10-2023 | N77: 34839.43
A78: PT-1062 | B78: Camila Zhang | C78: 83 | D78: Female | E78: Chennai | F78: Ab- | G78: Diabetes | H78: 164.1 | I78: 99 | K78: FALSE | L78: Pediatrics | M78: 09.07.2023 | N78: 46245.64
A79: PT-1106 | B79: Li Johnson | C79: 83 | D79: Male | E79: Houston | F79: A- | G79: Unknown | H79: 184 | I79: 77 | J79: No | L79: cardiology | M79: 19/01/2021 | N79: 25533.78
A80: PT-1117 | B80: Camila Garcia | C80: 83 | D80: Other | E80: Delhi | F80: Ab+ | G80: Unknown | H80: 169.5 | J80: Y | K80: no | L80: General Medicine | M80: 2023/11/29 | N80: 29235.66
A81: PT-1232 | B81: Juan Sanchez | C81: 83 | D81: Male | E81: Delhi | F81: Ab+ | G81: Asthma | H81: 189 | I81: 113.5 | J81: No | K81: no | L81: Gastroenterology | M81: 24.01.2021 | N81: 38982.22
A82: PT-1109 | B82: Juan Smith | C82: 83 | D82: Male | E82: Mumbai | F82: B- | G82: Chronic Kidney Disease | H82: 152 | I82: 123.2 | J82: Current | K82: 0 | L82: Dermatology | M82: 09/03/2021 | N82: 46473.93
A83: PT-1184 | B83: Barbara Jones | C83: 83 | D83: Female | E83: Pune | F83: Ab+ | G83: Unknown | H83: 182 | I83: 101 | J83: yes | L83: General Medicine | M83: 02-Sep-2021 | N83: 2511.39
A84: PT-1081 | B84: Hiroshi Wilson | C84: 82 | D84: Other | E84: Ahmedabad | F84: O+ | G84: Hypothyroidism | H84: 175.3 | I84: 92 | K84: 0 | L84: Gastroenterology | M84: 2022/11/23 | N84: 2539.12
A85: PT-1241 | B85: Patricia Anderson | C85: 82 | D85: Female | E85: Ahmedabad | F85: O+ | G85: Unknown | H85: 153.6 | I85: 95.1 | J85: Unknown | K85: 0 | L85: ENT | M85: 2022/04/18 | N85: 11993.04
A86: PT-1111 | B86: Layla Suzuki | C86: 82 | D86: Male | E86: Chicago | F86: Unknown | G86: Heart Disease | H86: 148 | I86: 92.7 | J86: No | K86: 0 | L86: Orthopedics | M86: 20.05.2022 | N86: 4138.58
A87: PT-1132 | B87: Pari Hernandez | C87: 82 | D87: Other | E87: Bengaluru | F87: A+ | G87: Covid19 | H87: 191 | I87: 101.5 | J87: No | K87: Yes | L87: ENT | M87: 2021-05-19
A88: PT-1081 | B88: Hiroshi Wilson | C88: 82 | D88: Other | E88: Ahmedabad | F88: O+ | G88: Hypothyroidism | H88: 147.3 | I88: 92 | K88: 0 | L88: Gastroenterology | M88: 2022/11/23 | N88: 2539.12
A89: PT-1023 | B89: Wei Hussain | C89: 82 | D89: Male | E89: Pune | F89: Unknown | G89: Hypothyroidism | H89: 173.3 | I89: 70 | J89: yes | K89: yes | L89: Neurology | M89: 24.02.2023 | N89: 8063.86
A90: PT-1318 | B90: Patricia Chen | C90: 82 | D90: Female | E90: New York | F90: A+ | G90: Unknown | H90: 186 | I90: 50 | J90: Yes | K90: no | L90: Endocrinology | M90: 28-Sep-2022 | N90: 24526.43
A91: PT-1485 | B91: Valentina Singh | C91: 82 | D91: Female | E91: Ahmedabad | F91: Ab- | G91: Chronic Kidney Disease | H91: 169 | I91: 75.2 | J91: Y | K91: Y | L91: Neurology | M91: 2021/03/26 | N91: 26243.85
A92: PT-1179 | B92: Diya Wang | C92: 82 | D92: Female | E92: Delhi | F92: B- | G92: Unknown | H92: 157 | I92: 40 | J92: Current | K92: TRUE | L92: Psychiatry | M92: 2023/09/17 | N92: 39163.53
A93: PT-1362 | B93: Ming Chen | C93: 82 | D93: Male | E93: Pune | F93: Ab- | G93: Migraine | H93: 193 | I93: 126.3 | J93: Yes | L93: cardiology | M93: 2021/01/05 | N93: 24088.18
A94: PT-1177 | B94: Aarav Singh | C94: 82 | D94: Male | E94: Houston | F94: Ab+ | G94: Hypothyroidism | H94: 192.5 | I94: 113.5 | J94: N | K94: 1 | L94: Endocrinology | M94: 27.08.2023 | N94: 33029.78
A95: PT-1438 | B95: Barbara Jones | C95: 81 | D95: Male | E95: Pune | F95: Ab+ | G95: Hypertension | H95: 149.4 | I95: 121 | J95: Former | K95: yes | L95: Pediatrics | M95: 14/01/2022 | N95: 9848.57
A96: PT-1217 | B96: Krishna Rodriguez | C96: 81 | D96: Female | E96: Mumbai | F96: Unknown | G96: Chronic Kidney Disease | H96: 145.3 | I96: 60 | J96: Former | K96: Y | L96: orthopedics | M96: 04-25-2023
A97: PT-1437 | B97: Patricia Flores | C97: 81 | D97: Female | E97: Mumbai | F97: O+ | G97: Heart Disease | H97: 150 | I97: 88 | L97: Gastroenterology | M97: 22.02.2023 | N97: 13238.59
A98: PT-1351 | B98: Valentina Ramirez | C98: 81 | D98: Male | E98: London | F98: Ab- | G98: Covid19 | H98: 174 | I98: 87 | J98: No | K98: N | L98: General Medicine | M98: 01-30-2022 | N98: 22988.32
A99: PT-1276 | B99: David Wang | C99: 81 | D99: Male | E99: Bengaluru | F99: O+ | G99: Depression | H99: 1.72 | I99: 66 | J99: yes | K99: 1 | L99: Cardiology | M99: 26.02.2023 | N99: 9954.66
A100: PT-1453 | B100: Noor Torres | C100: 81 | D100: Female | E100: Bengaluru | F100: A+ | G100: Hypertension | H100: 191 | I100: 81 | J100: Y | K100: yes | L100: Cardiology | M100: 2022/07/28 | N100: 18484.75
...

Sheet Updated_Records
A1: Patient_ID | B1: Patient_Name | C1: Age | D1: Gender | E1: City | F1: Blood_Group | G1: Diagnosis | H1: Height_cm | I1: Weight_kg | J1: Smoking_Status | K1: Has_Insurance | L1: Department | M1: Admission_Date | N1: Year | O1: Column1 | P1: Bill_Amount2 | Q1: Bill_Amount rank | R1: Age_Group | S1: BMI | T1: BMII | U1: Doctor_refrnece
A2: PT-1001 | B2: Davis Vivaan | C2: 14 | D2: Male | E2: Hyderabad | F2: B+ | G2: Anxiety | H2: 156.7 | I2: 94 | J2: Unknown | K2: Unknown | L2: Gastroenterology | M2: 45056 | N2: =Table1_3[[#This Row],[Admission_Date]] -> 45056 | O2: =Table1_3[[#This Row],[Admission_Date]] -> 45056 | P2: 22735.85 | Q2: =SUMPRODUCT(($L$2:$L$5000=L2)*($O$2:$O$5000>P2))+1 -> 42 | R2: Child | S2: 38.281581 | T2: Obese | U2: =INDEX(Table2[Doctor_Name],MATCH(Table1_3[[#This Row],[Department]],Table2[Department],0)) -> Dr. Sunita Sanchez
A3: PT-1002 | B3: Saanvi Ali | C3: 44 | D3: Female | E3: Bengaluru | F3: Ab+ | G3: Diabetes | H3: 158 | I3: 106 | J3: No | K3: No | L3: General Medicine | M3: 44797 | N3: =Table1_3[[#This Row],[Admission_Date]] -> 44797 | O3: =Table1_3[[#This Row],[Admission_Date]] -> 44797 | P3: 31116.73 | Q3: =SUMPRODUCT(($L$2:$L$5000=L3)*($O$2:$O$5000>P3))+1 -> 38 | R3: Adult | S3: 42.461144 | T3: Obese | U3: =INDEX(Table2[Doctor_Name],MATCH(Table1_3[[#This Row],[Department]],Table2[Department],0)) -> Dr. Arvind Wilson
A4: PT-1003 | B4: Aditya Jones | C4: 30 | D4: Female | E4: Bengaluru | F4: Ab+ | G4: Migraine | H4: 186.5 | I4: 58.9 | J4: Unknown | K4: Unknown | L4: Dermatology | M4: 44343 | N4: =Table1_3[[#This Row],[Admission_Date]] -> 44343 | O4: =Table1_3[[#This Row],[Admission_Date]] -> 44343 | P4: 31931.43 | Q4: =SUMPRODUCT(($L$2:$L$5000=L4)*($O$2:$O$5000>P4))+1 -> 35 | R4: Adult | S4: 16.933925 | T4: Underweight | U4: =INDEX(Table2[Doctor_Name],MATCH(Table1_3[[#This Row],[Department]],Table2[Department],0)) -> Dr. Neha Liu
A5: PT-1004 | B5: Martinez Sara | C5: 8 | D5: Female | E5: Delhi | F5: O+ | G5: Covid19 | H5: 155.5 | I5: 84.9 | J5: Yes | K5: Yes | L5: Cardiology | M5: 44702 | N5: =Table1_3[[#This Row],[Admission_Date]] -> 44702 | O5: =Table1_3[[#This Row],[Admission_Date]] -> 44702 | P5: 28287.72 | Q5: =SUMPRODUCT(($L$2:$L$5000=L5)*($O$2:$O$5000>P5))+1 -> 107 | R5: Child | S5: 35.1113 | T5: Obese | U5: =INDEX(Table2[Doctor_Name],MATCH(Table1_3[[#This Row],[Department]],Table2[Department],0)) -> Dr. Vikram Wang
A6: PT-1005 | B6: Liu Mary | C6: 66 | D6: Female | E6: Bengaluru | F6: A- | G6: Diabetes Type 2 | H6: 160.9 | I6: 74.6 | J6: Yes | K6: Yes | L6: General Medicine | M6: 44220 | N6: =Table1_3[[#This Row],[Admission_Date]] -> 44220 | O6: =Table1_3[[#This Row],[Admission_Date]] -> 44220 | P6: 36175.73 | Q6: =SUMPRODUCT(($L$2:$L$5000=L6)*($O$2:$O$5000>P6))+1 -> 38 | R6: Senior | S6: 28.815538 | T6: Overweight | U6: =INDEX(Table2[Doctor_Name],MATCH(Table1_3[[#This Row],[Department]],Table2[Department],0)) -> Dr. Arvind Wilson
A7: PT-1006 | B7: Maria Wang | C7: 59 | D7: Male | E7: Hyderabad | F7: A+ | G7: Chronic Kidney Disease | H7: 183 | I7: 67 | J7: Yes | K7: No | L7: Endocrinology | M7: 44527 | N7: =Table1_3[[#This Row],[Admission_Date]] -> 44527 | O7: =Table1_3[[#This Row],[Admission_Date]] -> 44527 | P7: 47698.24 | Q7: =SUMPRODUCT(($L$2:$L$5000=L7)*($O$2:$O$5000>P7))+1 -> 1 | R7: Adult | S7: 20.006569 | T7: Normal | U7: =INDEX(Table2[Doctor_Name],MATCH(Table1_3[[#This Row],[Department]],Table2[Department],0)) -> Dr. Rahul Nair
A8: PT-1007 | B8: Li Verma | C8: 40 | D8: Female | E8: Delhi | F8: Ab- | G8: Anxiety | H8: 152.9 | I8: 128 | J8: Yes | K8: Unknown | L8: Pediatrics | M8: 44328 | N8: =Table1_3[[#This Row],[Admission_Date]] -> 44328 | O8: =Table1_3[[#This Row],[Admission_Date]] -> 44328 | P8: 26619.85 | Q8: =SUMPRODUCT(($L$2:$L$5000=L8)*($O$2:$O$5000>P8))+1 -> 37 | R8: Adult | S8: 54.751371 | T8: Obese | U8: =INDEX(Table2[Doctor_Name],MATCH(Table1_3[[#This Row],[Department]],Table2[Department],0)) -> Dr. Arvind Chen
A9: PT-1008 | B9: Mateo Williams | C9: 86 | D9: Male | E9: Delhi | F9: Ab- | G9: Chronic Kidney Disease | H9: 165 | I9: 93 | J9: Unknown | K9: No | L9: Cardiology | M9: 44342 | N9: =Table1_3[[#This Row],[Admission_Date]] -> 44342 | O9: =Table1_3[[#This Row],[Admission_Date]] -> 44342 | P9: 31739.6 | Q9: =SUMPRODUCT(($L$2:$L$5000=L9)*($O$2:$O$5000>P9))+1 -> 107 | R9: Senior | S9: 34.15978 | T9: Obese | U9: =INDEX(Table2[Doctor_Name],MATCH(Table1_3[[#This Row],[Department]],Table2[Department],0)) -> Dr. Vikram Wang
A10: PT-1009 | B10: Gonzalez Arjun | C10: 28 | D10: Other | E10: Chennai | F10: Unknown | G10: Heart Disease | H10: 161 | I10: 99.3 | J10: No | K10: Yes | L10: Pediatrics | M10: 44307 | N10: =Table1_3[[#This Row],[Admission_Date]] -> 44307 | O10: =Table1_3[[#This Row],[Admission_Date]] -> 44307 | P10: 32846.05 | Q10: =SUMPRODUCT(($L$2:$L$5000=L10)*($O$2:$O$5000>P10))+1 -> 37 | R10: Adult | S10: 38.308707 | T10: Obese | U10: =INDEX(Table2[Doctor_Name],MATCH(Table1_3[[#This Row],[Department]],Table2[Department],0)) -> Dr. Arvind Chen
A11: PT-1010 | B11: Reyansh Garcia | C11: 18 | D11: Male | E11: Kolkata | F11: A+ | G11: Tuberculosis | H11: 149.3 | I11: 117 | J11: Yes | K11: Unknown | L11: General Medicine | M11: 44227 | N11: =Table1_3[[#This Row],[Admission_Date]] -> 44227 | O11: =Table1_3[[#This Row],[Admission_Date]] -> 44227 | P11: 46355.17 | Q11: =SUMPRODUCT(($L$2:$L$5000=L11)*($O$2:$O$5000>P11))+1 -> 1 | R11: Child | S11: 52.488752 | T11: Obese | U11: =INDEX(Table2[Doctor_Name],MATCH(Table1_3[[#This Row],[Department]],Table2[Department],0)) -> Dr. Arvind Wilson
A12: PT-1011 | B12: Aadhya Suzuki | C12: 1 | D12: Male | E12: Ahmedabad | F12: Ab- | G12: Arthritis | H12: 165 | I12: 67 | J12: Unknown | K12: Unknown | L12: General Medicine | M12: 44321 | N12: =Table1_3[[#This Row],[Admission_Date]] -> 44321 | O12: =Table1_3[[#This Row],[Admission_Date]] -> 44321 | P12: 16023.44 | Q12: =SUMPRODUCT(($L$2:$L$5000=L12)*($O$2:$O$5000>P12))+1 -> 38 | R12: Child | S12: 24.609734 | T12: Normal | U12: =INDEX(Table2[Doctor_Name],MATCH(Table1_3[[#This Row],[Department]],Table2[Department],0)) -> Dr. Arvind Wilson
A13: PT-1012 | B13: Hiroshi Smith | C13: 24 | D13: Female | E13: Sydney | F13: B+ | G13: Pneumonia | H13: 177 | I13: 44 | J13: No | K13: Unknown | L13: Ent | M13: 45119 | N13: =Table1_3[[#This Row],[Admission_Date]] -> 45119 | O13: =Table1_3[[#This Row],[Admission_Date]] -> 45119 | P13: 46767.96 | Q13: =SUMPRODUCT(($L$2:$L$5000=L13)*($O$2:$O$5000>P13))+1 -> 1 | R13: Young Adult | S13: 14.044496 | T13: Underweight | U13: =INDEX(Table2[Doctor_Name],MATCH(Table1_3[[#This Row],[Department]],Table2[Department],0)) -> Dr. Sunita Zhang
... A17: PT-1016 | B17: Zhang Aditya | C17: 14 | D17: Female | E17: Pune | F17: Unknown | G17: Thyroid Disorder | H17: 170 | I17: 128 | J17: No | K17: Yes | L17: Cardiology | M17: 44906 | N17: =Table1_3[[#This Row],[Admission_Date]] -> 44906 | O17: =Table1_3[[#This Row],[Admission_Date]] -> 44906 | P17: 40210.64 | Q17: =SUMPRODUCT(($L$2:$L$5000=L17)*($O$2:$O$5000>P17))+1 -> 107 | R17: Child | S17: 44.290657 | T17: Obese | U17: =INDEX(Table2[Doctor_Name],MATCH(Table1_3[[#This Row],[Department]],Table2[Department],0)) -> Dr. Vikram Wang
A18: PT-1017 | B18: Juan Reddy | C18: Invalid | D18: Female | E18: Hyderabad | F18: Ab- | G18: Covid19 | H18: 170 | I18: 99.4 | J18: No | K18: Yes | L18: Psychiatry | M18: 44339 | N18: =Table1_3[[#This Row],[Admission_Date]] -> 44339 | O18: =Table1_3[[#This Row],[Admission_Date]] -> 44339 | P18: 17881.73 | Q18: =SUMPRODUCT(($L$2:$L$5000=L18)*($O$2:$O$5000>P18))+1 -> 34 | R18: Unknown | S18: 34.394464 | T18: Obese | U18: =INDEX(Table2[Doctor_Name],MATCH(Table1_3[[#This Row],[Department]],Table2[Department],0)) -> Dr. Vikram Torres
A19: PT-1018 | B19: Michael Verma | C19: 23 | D19: Other | E19: Ahmedabad | F19: A- | G19: Diabetes | H19: 162.3 | I19: 129 | J19: No | K19: No | L19: Neurology | M19: 44718 | N19: =Table1_3[[#This Row],[Admission_Date]] -> 44718 | O19: =Table1_3[[#This Row],[Admission_Date]] -> 44718 | P19: 0 | Q19: =SUMPRODUCT(($L$2:$L$5000=L19)*($O$2:$O$5000>P19))+1 -> 35 | R19: Young Adult | S19: 48.972545 | T19: Obese | U19: =INDEX(Table2[Doctor_Name],MATCH(Table1_3[[#This Row],[Department]],Table2[Department],0)) -> Dr. Vikram Khan
A20: PT-1019 | B20: Diego Williams | C20: 86 | D20: Female | E20: Sydney | F20: O+ | G20: Pneumonia | H20: 158.4 | I20: 100 | J20: No | K20: Unknown | L20: Orthopedics | M20: 44457 | N20: =Table1_3[[#This Row],[Admission_Date]] -> 44457 | O20: =Table1_3[[#This Row],[Admission_Date]] -> 44457 | P20: 21312.09 | Q20: =SUMPRODUCT(($L$2:$L$5000=L20)*($O$2:$O$5000>P20))+1 -> 83 | R20: Senior | S20: 39.855627 | T20: Obese | U20: =INDEX(Table2[Doctor_Name],MATCH(Table1_3[[#This Row],[Department]],Table2[Department],0)) -> Dr. Anita Sanchez
A21: PT-1020 | B21: Noor Sanchez | C21: 1 | D21: Male | E21: Jaipur | F21: Ab+ | G21: Tuberculosis | H21: 157 | I21: 80 | J21: Yes | K21: No | L21: Endocrinology | M21: 44544 | N21: =Table1_3[[#This Row],[Admission_Date]] -> 44544 | O21: =Table1_3[[#This Row],[Admission_Date]] -> 44544 | P21: 4697.38 | Q21: =SUMPRODUCT(($L$2:$L$5000=L21)*($O$2:$O$5000>P21))+1 -> 45 | R21: Child | S21: 32.455678 | T21: Obese | U21: =INDEX(Table2[Doctor_Name],MATCH(Table1_3[[#This Row],[Department]],Table2[Department],0)) -> Dr. Rahul Nair
A22: PT-1021 | B22: Mateo Garcia | C22: 26 | D22: Male | E22: Mumbai | F22: A- | G22: Heart Disease | H22: 193.4 | I22: 120 | J22: Unknown | K22: Unknown | L22: Oncology | M22: 45209 | N22: =Table1_3[[#This Row],[Admission_Date]] -> 45209 | O22: =Table1_3[[#This Row],[Admission_Date]] -> 45209 | P22: 12577.23 | Q22: =SUMPRODUCT(($L$2:$L$5000=L22)*($O$2:$O$5000>P22))+1 -> 31 | R22: Adult | S22: 32.082508 | T22: Obese | U22: =INDEX(Table2[Doctor_Name],MATCH(Table1_3[[#This Row],[Department]],Table2[Department],0)) -> Dr. Suresh Johnson
A23: PT-1022 | B23: Camila Reddy | C23: 90 | D23: Other | E23: Chicago | F23: A- | G23: Depression | H23: 172 | I23: 81.8 | J23: No | K23: No | L23: Psychiatry | M23: 45230 | N23: =Table1_3[[#This Row],[Admission_Date]] -> 45230 | O23: =Table1_3[[#This Row],[Admission_Date]] -> 45230 | P23: 41613.17 | Q23: =SUMPRODUCT(($L$2:$L$5000=L23)*($O$2:$O$5000>P23))+1 -> 34 | R23: Senior | S23: 27.650081 | T23: Overweight | U23: =INDEX(Table2[Doctor_Name],MATCH(Table1_3[[#This Row],[Department]],Table2[Department],0)) -> Dr. Vikram Torres
A24: PT-1023 | B24: Wei Hussain | C24: 82 | D24: Male | E24: Pune | F24: Unknown | G24: Hypothyroidism | H24: 173.3 | I24: 70 | J24: Yes | K24: Yes | L24: Neurology | M24: 44981 | N24: =Table1_3[[#This Row],[Admission_Date]] -> 44981 | O24: =Table1_3[[#This Row],[Admission_Date]] -> 44981 | P24: 8063.86 | Q24: =SUMPRODUCT(($L$2:$L$5000=L24)*($O$2:$O$5000>P24))+1 -> 35 | R24: Senior | S24: 23.30778 | T24: Normal | U24: =INDEX(Table2[Doctor_Name],MATCH(Table1_3[[#This Row],[Department]],Table2[Department],0)) -> Dr. Vikram Khan
A25: PT-1024 | B25: Susan Khan | C25: 50 | D25: Male | E25: Toronto | F25: A+ | G25: Diabetes Type 2 | H25: 175.5 | I25: Invalid | J25: No | K25: Yes | L25: Endocrinology | M25: 45202 | N25: =Table1_3[[#This Row],[Admission_Date]] -> 45202 | O25: =Table1_3[[#This Row],[Admission_Date]] -> 45202 | P25: 27141.92 | Q25: =SUMPRODUCT(($L$2:$L$5000=L25)*($O$2:$O$5000>P25))+1 -> 45 | R25: Adult | S25: Unknown | T25: Unknown | U25: =INDEX(Table2[Doctor_Name],MATCH(Table1_3[[#This Row],[Department]],Table2[Department],0)) -> Dr. Rahul Nair
A26: PT-1025 | B26: Li Jones | C26: 50 | D26: Female | E26: Delhi | F26: Ab+ | G26: Allergy | H26: 166 | I26: 88.1 | J26: Unknown | K26: No | L26: Dermatology | M26: 44252 | N26: =Table1_3[[#This Row],[Admission_Date]] -> 44252 | O26: =Table1_3[[#This Row],[Admission_Date]] -> 44252 | P26: 32316.11 | Q26: =SUMPRODUCT(($L$2:$L$5000=L26)*($O$2:$O$5000>P26))+1 -> 35 | R26: Adult | S26: 31.971259 | T26: Obese | U26: =INDEX(Table2[Doctor_Name],MATCH(Table1_3[[#This Row],[Department]],Table2[Department],0)) -> Dr. Neha Liu
A27: PT-1026 | B27: Chen Robert | C27: 49 | D27: Male | E27: Pune | F27: Unknown | G27: Migraine | H27: 185 | I27: 71 | J27: Unknown | K27: Yes | L27: Endocrinology | M27: 44260 | N27: =Table1_3[[#This Row],[Admission_Date]] -> 44260 | O27: =Table1_3[[#This Row],[Admission_Date]] -> 44260 | P27: 0 | Q27: =SUMPRODUCT(($L$2:$L$5000=L27)*($O$2:$O$5000>P27))+1 -> 45 | R27: Adult | S27: 20.745069 | T27: Normal | U27: =INDEX(Table2[Doctor_Name],MATCH(Table1_3[[#This Row],[Department]],Table2[Department],0)) -> Dr. Rahul Nair
A28: PT-1027 | B28: Jose Nair | C28: 90 | D28: Male | E28: Pune | F28: O+ | G28: Obesity | H28: 191 | I28: 54.7 | J28: No | K28: No | L28: Cardiology | M28: 44571 | N28: =Table1_3[[#This Row],[Admission_Date]] -> 44571 | O28: =Table1_3[[#This Row],[Admission_Date]] -> 44571 | P28: 34028.69 | Q28: =SUMPRODUCT(($L$2:$L$5000=L28)*($O$2:$O$5000>P28))+1 -> 107 | R28: Senior | S28: 14.994107 | T28: Underweight | U28: =INDEX(Table2[Doctor_Name],MATCH(Table1_3[[#This Row],[Department]],Table2[Department],0)) -> Dr. Vikram Wang
A29: PT-1028 | B29: Arjun Ramirez | C29: 14 | D29: Female | E29: Pune | F29: B+ | G29: Diabetes Type 2 | H29: 152 | I29: 78.6 | J29: No | K29: Yes | L29: Dermatology | M29: 44895 | N29: =Table1_3[[#This Row],[Admission_Date]] -> 44895 | O29: =Table1_3[[#This Row],[Admission_Date]] -> 44895 | P29: 42553.99 | Q29: =SUMPRODUCT(($L$2:$L$5000=L29)*($O$2:$O$5000>P29))+1 -> 35 | R29: Child | S29: 34.020083 | T29: Obese | U29: =INDEX(Table2[Doctor_Name],MATCH(Table1_3[[#This Row],[Department]],Table2[Department],0)) -> Dr. Neha Liu
A30: PT-1029 | B30: Carlos Ibrahim | C30: 94 | D30: Other | E30: Mumbai | F30: A+ | G30: Thyroid Disorder | H30: 181 | I30: 114.3 | J30: No | K30: No | L30: Psychiatry | M30: 44374 | N30: =Table1_3[[#This Row],[Admission_Date]] -> 44374 | O30: =Table1_3[[#This Row],[Admission_Date]] -> 44374 | P30: 44140.74 | Q30: =SUMPRODUCT(($L$2:$L$5000=L30)*($O$2:$O$5000>P30))+1 -> 34 | R30: Senior | S30: 34.889045 | T30: Obese | U30: =INDEX(Table2[Doctor_Name],MATCH(Table1_3[[#This Row],[Department]],Table2[Department],0)) -> Dr. Vikram Torres
A31: PT-1030 | B31: Robert Wang | C31: 24 | D31: Female | E31: Hyderabad | F31: O+ | G31: Unknown | H31: 194.9 | I31: 86 | J31: No | K31: No | L31: Gastroenterology | M31: 45029 | N31: =Table1_3[[#This Row],[Admission_Date]] -> 45029 | O31: =Table1_3[[#This Row],[Admission_Date]] -> 45029 | P31: 27981.22 | Q31: =SUMPRODUCT(($L$2:$L$5000=L31)*($O$2:$O$5000>P31))+1 -> 42 | R31: Young Adult | S31: 22.639914 | T31: Normal | U31: =INDEX(Table2[Doctor_Name],MATCH(Table1_3[[#This Row],[Department]],Table2[Department],0)) -> Dr. Sunita Sanchez
A32: PT-1031 | B32: Barbara Verma | C32: 89 | D32: Female | E32: Jaipur | F32: O+ | G32: Chronic Kidney Disease | H32: 175 | I32: 80.8 | J32: Yes | K32: No | L32: Cardiology | M32: 44591 | N32: =Table1_3[[#This Row],[Admission_Date]] -> 44591 | O32: =Table1_3[[#This Row],[Admission_Date]] -> 44591 | P32: 6417.96 | Q32: =SUMPRODUCT(($L$2:$L$5000=L32)*($O$2:$O$5000>P32))+1 -> 107 | R32: Senior | S32: 26.383673 | T32: Overweight | U32: =INDEX(Table2[Doctor_Name],MATCH(Table1_3[[#This Row],[Department]],Table2[Department],0)) -> Dr. Vikram Wang
A33: PT-1032 | B33: Aadhya Lopez | C33: 68 | D33: Other | E33: Jaipur | F33: B- | G33: Unknown | H33: 162.2 | I33: 104 | J33: Yes | K33: Yes | L33: Cardiology | M33: 44795 | N33: =Table1_3[[#This Row],[Admission_Date]] -> 44795 | O33: =Table1_3[[#This Row],[Admission_Date]] -> 44795 | P33: 47232.44 | Q33: =SUMPRODUCT(($L$2:$L$5000=L33)*($O$2:$O$5000>P33))+1 -> 1 | R33: Senior | S33: 39.530439 | T33: Obese | U33: =INDEX(Table2[Doctor_Name],MATCH(Table1_3[[#This Row],[Department]],Table2[Department],0)) -> Dr. Vikram Wang
A34: PT-1032 | B34: Omar Rodriguez | C34: 55 | D34: Female | E34: Pune | F34: O+ | G34: Unknown | H34: 150 | I34: 40.8 | J34: No | K34: Yes | L34: Psychiatry | M34: 44804 | N34: =Table1_3[[#This Row],[Admission_Date]] -> 44804 | O34: =Table1_3[[#This Row],[Admission_Date]] -> 44804 | P34: 25241.72 | Q34: =SUMPRODUCT(($L$2:$L$5000=L34)*($O$2:$O$5000>P34))+1 -> 34 | R34: Adult | S34: 18.133333 | T34: Underweight | U34: =INDEX(Table2[Doctor_Name],MATCH(Table1_3[[#This Row],[Department]],Table2[Department],0)) -> Dr. Vikram Torres
A35: PT-1033 | B35: Aarav Sanchez | C35: 44 | D35: Male | E35: Delhi | F35: A+ | G35: Diabetes Type 2 | H35: 168.4 | I35: 92 | J35: Yes | K35: Yes | L35: Endocrinology | M35: 44819 | N35: =Table1_3[[#This Row],[Admission_Date]] -> 44819 | O35: =Table1_3[[#This Row],[Admission_Date]] -> 44819 | P35: 49698.95 | Q35: =SUMPRODUCT(($L$2:$L$5000=L35)*($O$2:$O$5000>P35))+1 -> 1 | R35: Adult | S35: 32.441704 | T35: Obese | U35: =INDEX(Table2[Doctor_Name],MATCH(Table1_3[[#This Row],[Department]],Table2[Department],0)) -> Dr. Rahul Nair
A36: PT-1034 | B36: Noor Jones | C36: 57 | D36: Male | E36: Toronto | F36: Unknown | G36: Arthritis | H36: 152 | I36: 59 | J36: Yes | K36: Unknown | L36: Cardiology | M36: 44518 | N36: =Table1_3[[#This Row],[Admission_Date]] -> 44518 | O36: =Table1_3[[#This Row],[Admission_Date]] -> 44518 | P36: 9103.77 | Q36: =SUMPRODUCT(($L$2:$L$5000=L36)*($O$2:$O$5000>P36))+1 -> 107 | R36: Adult | S36: 25.536704 | T36: Overweight | U36: =INDEX(Table2[Doctor_Name],MATCH(Table1_3[[#This Row],[Department]],Table2[Department],0)) -> Dr. Vikram Wang
A37: PT-1035 | B37: Layla Lopez | C37: 91 | D37: Male | E37: Chennai | F37: Ab- | G37: Asthma | H37: 187.9 | I37: 89 | J37: Yes | K37: Yes | L37: Cardiology | M37: 44319 | N37: =Table1_3[[#This Row],[Admission_Date]] -> 44319 | O37: =Table1_3[[#This Row],[Admission_Date]] -> 44319 | P37: 39735.11 | Q37: =SUMPRODUCT(($L$2:$L$5000=L37)*($O$2:$O$5000>P37))+1 -> 107 | R37: Senior | S37: 25.207887 | T37: Overweight | U37: =INDEX(Table2[Doctor_Name],MATCH(Table1_3[[#This Row],[Department]],Table2[Department],0)) -> Dr. Vikram Wang
... A41: PT-1039 | B41: Li Nair | C41: 31 | D41: Female | E41: Kolkata | F41: B+ | G41: Depression | H41: 178.8 | I41: 60 | J41: No | K41: No | L41: Dermatology | M41: 44541 | N41: =Table1_3[[#This Row],[Admission_Date]] -> 44541 | O41: =Table1_3[[#This Row],[Admission_Date]] -> 44541 | P41: 46666.33 | Q41: =SUMPRODUCT(($L$2:$L$5000=L41)*($O$2:$O$5000>P41))+1 -> 1 | R41: Adult | S41: 18.767923 | T41: Normal | U41: =INDEX(Table2[Doctor_Name],MATCH(Table1_3[[#This Row],[Department]],Table2[Department],0)) -> Dr. Neha Liu
A42: PT-1040 | B42: Lopez Wei | C42: 50 | D42: Female | E42: Sydney | F42: O+ | G42: Diabetes Type 2 | H42: Invalid | I42: 110.9 | J42: Yes | K42: Yes | L42: Gastroenterology | M42: 44660 | N42: =Table1_3[[#This Row],[Admission_Date]] -> 44660 | O42: =Table1_3[[#This Row],[Admission_Date]] -> 44660 | P42: 29206.21 | Q42: =SUMPRODUCT(($L$2:$L$5000=L42)*($O$2:$O$5000>P42))+1 -> 42 | R42: Adult | S42: Unknown | T42: Unknown | U42: =INDEX(Table2[Doctor_Name],MATCH(Table1_3[[#This Row],[Department]],Table2[Department],0)) -> Dr. Sunita Sanchez
A43: PT-1041 | B43: Wei Zhang | C43: 49 | D43: Female | E43: Mumbai | F43: Ab+ | G43: Bronchitis | H43: 155 | I43: Invalid | J43: No | K43: Unknown | L43: Nephrology | M43: 44977 | N43: =Table1_3[[#This Row],[Admission_Date]] -> 44977 | O43: =Table1_3[[#This Row],[Admission_Date]] -> 44977 | P43: 49426.49 | Q43: =SUMPRODUCT(($L$2:$L$5000=L43)*($O$2:$O$5000>P43))+1 -> 1 | R43: Adult | S43: Unknown | T43: Unknown | U43: =INDEX(Table2[Doctor_Name],MATCH(Table1_3[[#This Row],[Department]],Table2[Department],0)) -> Dr. Meera Torres
A44: PT-1042 | B44: Aditya Iyer | C44: 13 | D44: Female | E44: Chicago | F44: B- | G44: Chronic Kidney Disease | H44: 155.5 | I44: 99 | J44: No | K44: No | L44: Endocrinology | M44: 44739 | N44: =Table1_3[[#This Row],[Admission_Date]] -> 44739 | O44: =Table1_3[[#This Row],[Admission_Date]] -> 44739 | P44: 31351.34 | Q44: =SUMPRODUCT(($L$2:$L$5000=L44)*($O$2:$O$5000>P44))+1 -> 45 | R44: Child | S44: 40.942505 | T44: Obese | U44: =INDEX(Table2[Doctor_Name],MATCH(Table1_3[[#This Row],[Department]],Table2[Department],0)) -> Dr. Rahul Nair
A45: PT-1043 | B45: Ana Rodriguez | C45: 92 | D45: Male | E45: Los Angeles | F45: A- | G45: Thyroid Disorder | H45: 146.6 | I45: 107.2 | J45: No | K45: Unknown | L45: Gastroenterology | M45: 44402 | N45: =Table1_3[[#This Row],[Admission_Date]] -> 44402 | O45: =Table1_3[[#This Row],[Admission_Date]] -> 44402 | P45: 8735.06 | Q45: =SUMPRODUCT(($L$2:$L$5000=L45)*($O$2:$O$5000>P45))+1 -> 42 | R45: Senior | S45: 49.880046 | T45: Obese | U45: =INDEX(Table2[Doctor_Name],MATCH(Table1_3[[#This Row],[Department]],Table2[Department],0)) -> Dr. Sunita Sanchez
A46: PT-1044 | B46: Vihaan Wilson | C46: 32 | D46: Other | E46: New York | F46: O- | G46: Obesity | H46: 147.3 | I46: 62 | J46: No | K46: No | L46: Dermatology | M46: 44687 | N46: =Table1_3[[#This Row],[Admission_Date]] -> 44687 | O46: =Table1_3[[#This Row],[Admission_Date]] -> 44687 | P46: 0 | Q46: =SUMPRODUCT(($L$2:$L$5000=L46)*($O$2:$O$5000>P46))+1 -> 35 | R46: Adult | S46: 28.574997 | T46: Overweight | U46: =INDEX(Table2[Doctor_Name],MATCH(Table1_3[[#This Row],[Department]],Table2[Department],0)) -> Dr. Neha Liu
A47: PT-1045 | B47: Ana Rodriguez | C47: 45 | D47: Other | E47: Jaipur | F47: Unknown | G47: Bronchitis | H47: 165 | I47: 117 | J47: No | K47: Yes | L47: Ent | M47: 45078 | N47: =Table1_3[[#This Row],[Admission_Date]] -> 45078 | O47: =Table1_3[[#This Row],[Admission_Date]] -> 45078 | P47: 15145.68 | Q47: =SUMPRODUCT(($L$2:$L$5000=L47)*($O$2:$O$5000>P47))+1 -> 30 | R47: Adult | S47: 42.975207 | T47: Obese | U47: =INDEX(Table2[Doctor_Name],MATCH(Table1_3[[#This Row],[Department]],Table2[Department],0)) -> Dr. Sunita Zhang
A48: PT-1046 | B48: Mary Davis | C48: 7 | D48: Other | E48: Hyderabad | F48: Unknown | G48: Unknown | H48: 159 | I48: 72 | J48: Unknown | K48: Yes | L48: Dermatology | M48: 44477 | N48: =Table1_3[[#This Row],[Admission_Date]] -> 44477 | O48: =Table1_3[[#This Row],[Admission_Date]] -> 44477 | P48: 5309.61 | Q48: =SUMPRODUCT(($L$2:$L$5000=L48)*($O$2:$O$5000>P48))+1 -> 35 | R48: Child | S48: 28.479886 | T48: Overweight | U48: =INDEX(Table2[Doctor_Name],MATCH(Table1_3[[#This Row],[Department]],Table2[Department],0)) -> Dr. Neha Liu
A49: PT-1047 | B49: Aditya Ramirez | C49: 38 | D49: Female | E49: Hyderabad | F49: Unknown | G49: Obesity | H49: 180 | I49: 122 | J49: Yes | K49: No | L49: Endocrinology | M49: 44801 | N49: =Table1_3[[#This Row],[Admission_Date]] -> 44801 | O49: =Table1_3[[#This Row],[Admission_Date]] -> 44801 | P49: 43584.65 | Q49: =SUMPRODUCT(($L$2:$L$5000=L49)*($O$2:$O$5000>P49))+1 -> 45 | R49: Adult | S49: 37.654321 | T49: Obese | U49: =INDEX(Table2[Doctor_Name],MATCH(Table1_3[[#This Row],[Department]],Table2[Department],0)) -> Dr. Rahul Nair
A50: PT-1048 | B50: Mateo Jones | C50: 51 | D50: Female | E50: London | F50: O+ | G50: Asthma | H50: 191 | I50: 100.6 | J50: Unknown | K50: Yes | L50: Psychiatry | M50: 44957 | N50: =Table1_3[[#This Row],[Admission_Date]] -> 44957 | O50: =Table1_3[[#This Row],[Admission_Date]] -> 44957 | P50: 33904.41 | Q50: =SUMPRODUCT(($L$2:$L$5000=L50)*($O$2:$O$5000>P50))+1 -> 34 | R50: Adult | S50: 27.575998 | T50: Overweight | U50: =INDEX(Table2[Doctor_Name],MATCH(Table1_3[[#This Row],[Department]],Table2[Department],0)) -> Dr. Vikram Torres
A51: PT-1049 | B51: Flores John | C51: 60 | D51: Female | E51: Jaipur | F51: Unknown | G51: Diabetes | H51: 145.1 | I51: 50 | J51: Yes | K51: Yes | L51: Oncology | M51: 45126 | N51: =Table1_3[[#This Row],[Admission_Date]] -> 45126 | O51: =Table1_3[[#This Row],[Admission_Date]] -> 45126 | P51: 33689.07 | Q51: =SUMPRODUCT(($L$2:$L$5000=L51)*($O$2:$O$5000>P51))+1 -> 31 | R51: Senior | S51: 23.748445 | T51: Normal | U51: =INDEX(Table2[Doctor_Name],MATCH(Table1_3[[#This Row],[Department]],Table2[Department],0)) -> Dr. Suresh Johnson
A52: PT-1050 | B52: Valentina Mehta | C52: 63 | D52: Other | E52: New York | F52: A+ | G52: Hypertension | H52: 191 | I52: 117 | J52: Unknown | K52: No | L52: General Medicine | M52: 45047 | N52: =Table1_3[[#This Row],[Admission_Date]] -> 45047 | O52: =Table1_3[[#This Row],[Admission_Date]] -> 45047 | P52: 20207.91 | Q52: =SUMPRODUCT(($L$2:$L$5000=L52)*($O$2:$O$5000>P52))+1 -> 38 | R52: Senior | S52: 32.071489 | T52: Obese | U52: =INDEX(Table2[Doctor_Name],MATCH(Table1_3[[#This Row],[Department]],Table2[Department],0)) -> Dr. Arvind Wilson
A53: PT-1051 | B53: Hiroshi Reddy | C53: 93 | D53: Male | E53: Ahmedabad | F53: Ab+ | G53: Hypertension | H53: 152 | I53: 124 | J53: Unknown | K53: Unknown | L53: Cardiology | M53: 44264 | N53: =Table1_3[[#This Row],[Admission_Date]] -> 44264 | O53: =Table1_3[[#This Row],[Admission_Date]] -> 44264 | P53: 42893.82 | Q53: =SUMPRODUCT(($L$2:$L$5000=L53)*($O$2:$O$5000>P53))+1 -> 107 | R53: Senior | S53: 53.67036 | T53: Obese | U53: =INDEX(Table2[Doctor_Name],MATCH(Table1_3[[#This Row],[Department]],Table2[Department],0)) -> Dr. Vikram Wang
A54: PT-1051 | B54: Susan Singh | C54: 77 | D54: Male | E54: Delhi | F54: O+ | G54: Heart Disease | H54: 158 | I54: Invalid | J54: No | K54: No | L54: Neurology | M54: 44674 | N54: =Table1_3[[#This Row],[Admission_Date]] -> 44674 | O54: =Table1_3[[#This Row],[Admission_Date]] -> 44674 | P54: 38831.24 | Q54: =SUMPRODUCT(($L$2:$L$5000=L54)*($O$2:$O$5000>P54))+1 -> 35 | R54: Senior | S54: Unknown | T54: Unknown | U54: =INDEX(Table2[Doctor_Name],MATCH(Table1_3[[#This Row],[Department]],Table2[Department],0)) -> Dr. Vikram Khan
A55: PT-1052 | B55: Ishaan Iyer | C55: 15 | D55: Male | E55: Mumbai | F55: O+ | G55: Diabetes Type 2 | H55: 177.9 | I55: Invalid | J55: Yes | K55: Yes | L55: Cardiology | M55: 45059 | N55: =Table1_3[[#This Row],[Admission_Date]] -> 45059 | O55: =Table1_3[[#This Row],[Admission_Date]] -> 45059 | P55: 6125.64 | Q55: =SUMPRODUCT(($L$2:$L$5000=L55)*($O$2:$O$5000>P55))+1 -> 107 | R55: Child | S55: Unknown | T55: Unknown | U55: =INDEX(Table2[Doctor_Name],MATCH(Table1_3[[#This Row],[Department]],Table2[Department],0)) -> Dr. Vikram Wang
A56: PT-1053 | B56: Omar Reddy | C56: 79 | D56: Male | E56: Hyderabad | F56: B+ | G56: Tuberculosis | H56: 162.2 | I56: 78 | J56: No | K56: Unknown | L56: Nephrology | M56: 45105 | N56: =Table1_3[[#This Row],[Admission_Date]] -> 45105 | O56: =Table1_3[[#This Row],[Admission_Date]] -> 45105 | P56: 45013.7 | Q56: =SUMPRODUCT(($L$2:$L$5000=L56)*($O$2:$O$5000>P56))+1 -> 8 | R56: Senior | S56: 29.647829 | T56: Overweight | U56: =INDEX(Table2[Doctor_Name],MATCH(Table1_3[[#This Row],[Department]],Table2[Department],0)) -> Dr. Meera Torres
A57: PT-1053 | B57: Aadhya Rodriguez | C57: 19 | D57: Female | E57: Jaipur | F57: Ab- | G57: Obesity | H57: 179 | I57: 45 | J57: No | K57: Unknown | L57: Cardiology | M57: 44324 | N57: =Table1_3[[#This Row],[Admission_Date]] -> 44324 | O57: =Table1_3[[#This Row],[Admission_Date]] -> 44324 | P57: 3163.09 | Q57: =SUMPRODUCT(($L$2:$L$5000=L57)*($O$2:$O$5000>P57))+1 -> 107 | R57: Young Adult | S57: 14.044505 | T57: Underweight | U57: =INDEX(Table2[Doctor_Name],MATCH(Table1_3[[#This Row],[Department]],Table2[Department],0)) -> Dr. Vikram Wang
A58: PT-1054 | B58: Noor Ramirez | C58: 77 | D58: Other | E58: Jaipur | F58: Ab- | G58: Chronic Kidney Disease | H58: 167 | I58: 99 | J58: No | K58: No | L58: Nephrology | M58: 44664 | N58: =Table1_3[[#This Row],[Admission_Date]] -> 44664 | O58: =Table1_3[[#This Row],[Admission_Date]] -> 44664 | P58: 17277.12 | Q58: =SUMPRODUCT(($L$2:$L$5000=L58)*($O$2:$O$5000>P58))+1 -> 35 | R58: Senior | S58: 35.497867 | T58: Obese | U58: =INDEX(Table2[Doctor_Name],MATCH(Table1_3[[#This Row],[Department]],Table2[Department],0)) -> Dr. Meera Torres
A59: PT-1055 | B59: Linda Chen | C59: 20 | D59: Male | E59: Los Angeles | F59: B+ | G59: Asthma | H59: 180 | I59: 74 | J59: Yes | K59: Yes | L59: Ent | M59: 44872 | N59: =Table1_3[[#This Row],[Admission_Date]] -> 44872 | O59: =Table1_3[[#This Row],[Admission_Date]] -> 44872 | P59: 6550.45 | Q59: =SUMPRODUCT(($L$2:$L$5000=L59)*($O$2:$O$5000>P59))+1 -> 30 | R59: Young Adult | S59: 22.839506 | T59: Normal | U59: =INDEX(Table2[Doctor_Name],MATCH(Table1_3[[#This Row],[Department]],Table2[Department],0)) -> Dr. Sunita Zhang
A60: PT-1056 | B60: Diego Patel | C60: 46 | D60: Female | E60: Toronto | F60: Ab+ | G60: Hypertension | H60: 155 | I60: 90 | J60: Yes | K60: No | L60: Neurology | M60: 45075 | N60: =Table1_3[[#This Row],[Admission_Date]] -> 45075 | O60: =Table1_3[[#This Row],[Admission_Date]] -> 45075 | P60: 48740.06 | Q60: =SUMPRODUCT(($L$2:$L$5000=L60)*($O$2:$O$5000>P60))+1 -> 1 | R60: Adult | S60: 37.460978 | T60: Obese | U60: =INDEX(Table2[Doctor_Name],MATCH(Table1_3[[#This Row],[Department]],Table2[Department],0)) -> Dr. Vikram Khan
A61: PT-1057 | B61: Vivaan Torres | C61: 35 | D61: Male | E61: Kolkata | F61: A+ | G61: Bronchitis | H61: 186.1 | I61: Invalid | J61: Yes | K61: No | L61: Dermatology | M61: 44930 | N61: =Table1_3[[#This Row],[Admission_Date]] -> 44930 | O61: =Table1_3[[#This Row],[Admission_Date]] -> 44930 | P61: 7522.8 | Q61: =SUMPRODUCT(($L$2:$L$5000=L61)*($O$2:$O$5000>P61))+1 -> 35 | R61: Adult | S61: Unknown | T61: Unknown | U61: =INDEX(Table2[Doctor_Name],MATCH(Table1_3[[#This Row],[Department]],Table2[Department],0)) -> Dr. Neha Liu
A62: PT-1058 | B62: Aadhya Tanaka | C62: 48 | D62: Male | E62: Hyderabad | F62: O+ | G62: Unknown | H62: 152 | I62: 108 | J62: Unknown | K62: No | L62: Orthopedics | M62: 45104 | N62: =Table1_3[[#This Row],[Admission_Date]] -> 45104 | O62: =Table1_3[[#This Row],[Admission_Date]] -> 45104 | P62: 21488.73 | Q62: =SUMPRODUCT(($L$2:$L$5000=L62)*($O$2:$O$5000>P62))+1 -> 83 | R62: Adult | S62: 46.745152 | T62: Obese | U62: =INDEX(Table2[Doctor_Name],MATCH(Table1_3[[#This Row],[Department]],Table2[Department],0)) -> Dr. Anita Sanchez
A63: PT-1059 | B63: Ming Nair | C63: 87 | D63: Male | E63: Toronto | F63: Unknown | G63: Chronic Kidney Disease | H63: 153 | I63: 45 | J63: Yes | K63: No | L63: Endocrinology | M63: 44449 | N63: =Table1_3[[#This Row],[Admission_Date]] -> 44449 | O63: =Table1_3[[#This Row],[Admission_Date]] -> 44449 | P63: 14827.63 | Q63: =SUMPRODUCT(($L$2:$L$5000=L63)*($O$2:$O$5000>P63))+1 -> 45 | R63: Senior | S63: 19.223376 | T63: Normal | U63: =INDEX(Table2[Doctor_Name],MATCH(Table1_3[[#This Row],[Department]],Table2[Department],0)) -> Dr. Rahul Nair
A64: PT-1060 | B64: Krishna Tanaka | C64: 72 | D64: Female | E64: Delhi | F64: O+ | G64: Asthma | H64: 182.6 | I64: Invalid | J64: No | K64: No | L64: Ent | M64: 45076 | N64: =Table1_3[[#This Row],[Admission_Date]] -> 45076 | O64: =Table1_3[[#This Row],[Admission_Date]] -> 45076 | P64: 20518.93 | Q64: =SUMPRODUCT(($L$2:$L$5000=L64)*($O$2:$O$5000>P64))+1 -> 30 | R64: Senior | S64: Unknown | T64: Unknown | U64: =INDEX(Table2[Doctor_Name],MATCH(Table1_3[[#This Row],[Department]],Table2[Department],0)) -> Dr. Sunita Zhang
A65: PT-1061 | B65: John Smith | C65: 89 | D65: Female | E65: Bengaluru | F65: Unknown | G65: Diabetes Type 2 | H65: 175 | I65: 75.6 | J65: Unknown | K65: No | L65: Neurology | M65: 44879 | N65: =Table1_3[[#This Row],[Admission_Date]] -> 44879 | O65: =Table1_3[[#This Row],[Admission_Date]] -> 44879 | P65: 4280.78 | Q65: =SUMPRODUCT(($L$2:$L$5000=L65)*($O$2:$O$5000>P65))+1 -> 35 | R65: Senior | S65: 24.685714 | T65: Normal | U65: =INDEX(Table2[Doctor_Name],MATCH(Table1_3[[#This Row],[Department]],Table2[Department],0)) -> Dr. Vikram Khan
A66: PT-1062 | B66: Camila Zhang | C66: 83 | D66: Female | E66: Chennai | F66: Ab- | G66: Diabetes | H66: 164.1 | I66: 99 | J66: Unknown | K66: No | L66: Pediatrics | M66: 45116 | N66: =Table1_3[[#This Row],[Admission_Date]] -> 45116 | O66: =Table1_3[[#This Row],[Admission_Date]] -> 45116 | P66: 46245.64 | Q66: =SUMPRODUCT(($L$2:$L$5000=L66)*($O$2:$O$5000>P66))+1 -> 1 | R66: Senior | S66: 36.7636 | T66: Obese | U66: =INDEX(Table2[Doctor_Name],MATCH(Table1_3[[#This Row],[Department]],Table2[Department],0)) -> Dr. Arvind Chen
A67: PT-1063 | B67: Carlos Chen | C67: 57 | D67: Male | E67: Jaipur | F67: A+ | G67: Anxiety | H67: 165 | I67: 81 | J67: No | K67: Yes | L67: Cardiology | M67: 44293 | N67: =Table1_3[[#This Row],[Admission_Date]] -> 44293 | O67: =Table1_3[[#This Row],[Admission_Date]] -> 44293 | P67: 29906.95 | Q67: =SUMPRODUCT(($L$2:$L$5000=L67)*($O$2:$O$5000>P67))+1 -> 107 | R67: Adult | S67: 29.752066 | T67: Overweight | U67: =INDEX(Table2[Doctor_Name],MATCH(Table1_3[[#This Row],[Department]],Table2[Department],0)) -> Dr. Vikram Wang
A68: PT-1064 | B68: Valentina Gupta | C68: 84 | D68: Female | E68: Mumbai | F68: Unknown | G68: Chronic Kidney Disease | H68: 194 | I68: 115 | J68: Yes | K68: Unknown | L68: Cardiology | M68: 44277 | N68: =Table1_3[[#This Row],[Admission_Date]] -> 44277 | O68: =Table1_3[[#This Row],[Admission_Date]] -> 44277 | P68: 35527.27 | Q68: =SUMPRODUCT(($L$2:$L$5000=L68)*($O$2:$O$5000>P68))+1 -> 107 | R68: Senior | S68: 30.555851 | T68: Obese | U68: =INDEX(Table2[Doctor_Name],MATCH(Table1_3[[#This Row],[Department]],Table2[Department],0)) -> Dr. Vikram Wang
A69: PT-1065 | B69: James Liu | C69: 44 | D69: Male | E69: Sydney | F69: A- | G69: Unknown | H69: 181.5 | I69: 101.1 | J69: Yes | K69: Unknown | L69: Psychiatry | M69: 44297 | N69: =Table1_3[[#This Row],[Admission_Date]] -> 44297 | O69: =Table1_3[[#This Row],[Admission_Date]] -> 44297 | P69: 4534.35 | Q69: =SUMPRODUCT(($L$2:$L$5000=L69)*($O$2:$O$5000>P69))+1 -> 34 | R69: Adult | S69: 30.690071 | T69: Obese | U69: =INDEX(Table2[Doctor_Name],MATCH(Table1_3[[#This Row],[Department]],Table2[Department],0)) -> Dr. Vikram Torres
A70: PT-1066 | B70: Maria Suzuki | C70: 11 | D70: Male | E70: London | F70: Ab+ | G70: Hypothyroidism | H70: 181.2 | I70: 78.1 | J70: Yes | K70: No | L70: Orthopedics | M70: 44566 | N70: =Table1_3[[#This Row],[Admission_Date]] -> 44566 | O70: =Table1_3[[#This Row],[Admission_Date]] -> 44566 | P70: 17415.75 | Q70: =SUMPRODUCT(($L$2:$L$5000=L70)*($O$2:$O$5000>P70))+1 -> 83 | R70: Child | S70: 23.786725 | T70: Normal | U70: =INDEX(Table2[Doctor_Name],MATCH(Table1_3[[#This Row],[Department]],Table2[Department],0)) -> Dr. Anita Sanchez
A71: PT-1067 | B71: Ishaan Kumar | C71: 65 | D71: Male | E71: London | F71: A- | G71: Pneumonia | H71: 183 | I71: 54 | J71: Unknown | K71: No | L71: Endocrinology | M71: 44536 | N71: =Table1_3[[#This Row],[Admission_Date]] -> 44536 | O71: =Table1_3[[#This Row],[Admission_Date]] -> 44536 | P71: 22164.83 | Q71: =SUMPRODUCT(($L$2:$L$5000=L71)*($O$2:$O$5000>P71))+1 -> 45 | R71: Senior | S71: 16.124698 | T71: Underweight | U71: =INDEX(Table2[Doctor_Name],MATCH(Table1_3[[#This Row],[Department]],Table2[Department],0)) -> Dr. Rahul Nair
A72: PT-1068 | B72: Barbara Flores | C72: 58 | D72: Female | E72: London | F72: Ab- | G72: Arthritis | H72: 187 | I72: 125.2 | J72: No | K72: Yes | L72: Endocrinology | M72: 44979 | N72: =Table1_3[[#This Row],[Admission_Date]] -> 44979 | O72: =Table1_3[[#This Row],[Admission_Date]] -> 44979 | P72: 26609.26 | Q72: =SUMPRODUCT(($L$2:$L$5000=L72)*($O$2:$O$5000>P72))+1 -> 45 | R72: Adult | S72: 35.80314 | T72: Obese | U72: =INDEX(Table2[Doctor_Name],MATCH(Table1_3[[#This Row],[Department]],Table2[Department],0)) -> Dr. Rahul Nair
A73: PT-1069 | B73: Krishna Miller | C73: 48 | D73: Other | E73: Bengaluru | F73: B- | G73: Arthritis | H73: 165 | I73: 121 | J73: No | K73: No | L73: Nephrology | M73: 44651 | N73: =Table1_3[[#This Row],[Admission_Date]] -> 44651 | O73: =Table1_3[[#This Row],[Admission_Date]] -> 44651 | P73: 44289.17 | Q73: =SUMPRODUCT(($L$2:$L$5000=L73)*($O$2:$O$5000>P73))+1 -> 30 | R73: Adult | S73: 44.444444 | T73: Obese | U73: =INDEX(Table2[Doctor_Name],MATCH(Table1_3[[#This Row],[Department]],Table2[Department],0)) -> Dr. Meera Torres
A74: PT-1070 | B74: James Garcia | C74: 29 | D74: Male | E74: Mumbai | F74: B- | G74: Unknown | H74: 188 | I74: 65.8 | J74: Unknown | K74: Yes | L74: Endocrinology | M74: 45157 | N74: =Table1_3[[#This Row],[Admission_Date]] -> 45157 | O74: =Table1_3[[#This Row],[Admission_Date]] -> 45157 | P74: 30959.74 | Q74: =SUMPRODUCT(($L$2:$L$5000=L74)*($O$2:$O$5000>P74))+1 -> 45 | R74: Adult | S74: 18.617021 | T74: Normal | U74: =INDEX(Table2[Doctor_Name],MATCH(Table1_3[[#This Row],[Department]],Table2[Department],0)) -> Dr. Rahul Nair
A75: PT-1071 | B75: Ishaan Martinez | C75: 55 | D75: Female | E75: Pune | F75: B+ | G75: Heart Disease | H75: 194.8 | I75: 96 | J75: No | K75: No | L75: Ent | M75: 44230 | N75: =Table1_3[[#This Row],[Admission_Date]] -> 44230 | O75: =Table1_3[[#This Row],[Admission_Date]] -> 44230 | P75: 26011.1 | Q75: =SUMPRODUCT(($L$2:$L$5000=L75)*($O$2:$O$5000>P75))+1 -> 30 | R75: Adult | S75: 25.298416 | T75: Overweight | U75: =INDEX(Table2[Doctor_Name],MATCH(Table1_3[[#This Row],[Department]],Table2[Department],0)) -> Dr. Sunita Zhang
A76: PT-1072 | B76: Zhang Noor | C76: 86 | D76: Male | E76: Bengaluru | F76: O+ | G76: Asthma | H76: 171.6 | I76: 82.3 | J76: No | K76: Yes | L76: Gastroenterology | M76: 44257 | N76: =Table1_3[[#This Row],[Admission_Date]] -> 44257 | O76: =Table1_3[[#This Row],[Admission_Date]] -> 44257 | P76: 39531.74 | Q76: =SUMPRODUCT(($L$2:$L$5000=L76)*($O$2:$O$5000>P76))+1 -> 42 | R76: Senior | S76: 27.948935 | T76: Overweight | U76: =INDEX(Table2[Doctor_Name],MATCH(Table1_3[[#This Row],[Department]],Table2[Department],0)) -> Dr. Sunita Sanchez
... A79: PT-1075 | B79: Hiroshi Davis | C79: 11 | D79: Male | E79: Sydney | F79: O- | G79: Depression | H79: 191 | I79: 67.6 | J79: Yes | K79: Unknown | L79: Pediatrics | M79: 44916 | N79: =Table1_3[[#This Row],[Admission_Date]] -> 44916 | O79: =Table1_3[[#This Row],[Admission_Date]] -> 44916 | P79: 2596.58 | Q79: =SUMPRODUCT(($L$2:$L$5000=L79)*($O$2:$O$5000>P79))+1 -> 37 | R79: Child | S79: 18.530194 | T79: Normal | U79: =INDEX(Table2[Doctor_Name],MATCH(Table1_3[[#This Row],[Department]],Table2[Department],0)) -> Dr. Arvind Chen
A80: PT-1076 | B80: Sara Patel | C80: 47 | D80: Other | E80: Hyderabad | F80: O- | G80: Diabetes Type 2 | H80: 161.4 | I80: Invalid | J80: No | K80: No | L80: Endocrinology | M80: 44947 | N80: =Table1_3[[#This Row],[Admission_Date]] -> 44947 | O80: =Table1_3[[#This Row],[Admission_Date]] -> 44947 | P80: 19451.29 | Q80: =SUMPRODUCT(($L$2:$L$5000=L80)*($O$2:$O$5000>P80))+1 -> 45 | R80: Adult | S80: Unknown | T80: Unknown | U80: =INDEX(Table2[Doctor_Name],MATCH(Table1_3[[#This Row],[Department]],Table2[Department],0)) -> Dr. Rahul Nair
A81: PT-1077 | B81: James Liu | C81: 18 | D81: Other | E81: Delhi | F81: Ab+ | G81: Covid19 | H81: 171.6 | I81: Invalid | J81: Yes | K81: No | L81: General Medicine | M81: 45019 | N81: =Table1_3[[#This Row],[Admission_Date]] -> 45019 | O81: =Table1_3[[#This Row],[Admission_Date]] -> 45019 | P81: 6329.17 | Q81: =SUMPRODUCT(($L$2:$L$5000=L81)*($O$2:$O$5000>P81))+1 -> 38 | R81: Child | S81: Unknown | T81: Unknown | U81: =INDEX(Table2[Doctor_Name],MATCH(Table1_3[[#This Row],[Department]],Table2[Department],0)) -> Dr. Arvind Wilson
A82: PT-1078 | B82: Noor Wilson | C82: 26 | D82: Female | E82: Chennai | F82: B+ | G82: Tuberculosis | H82: 193 | I82: 127.1 | J82: Unknown | K82: No | L82: Gastroenterology | M82: 44329 | N82: =Table1_3[[#This Row],[Admission_Date]] -> 44329 | O82: =Table1_3[[#This Row],[Admission_Date]] -> 44329 | P82: 27337.48 | Q82: =SUMPRODUCT(($L$2:$L$5000=L82)*($O$2:$O$5000>P82))+1 -> 42 | R82: Adult | S82: 34.121721 | T82: Obese | U82: =INDEX(Table2[Doctor_Name],MATCH(Table1_3[[#This Row],[Department]],Table2[Department],0)) -> Dr. Sunita Sanchez
A83: PT-1079 | B83: Juan Johnson | C83: 16 | D83: Female | E83: Chennai | F83: Ab- | G83: Unknown | H83: 160.9 | I83: 128 | J83: Unknown | K83: No | L83: Cardiology | M83: 44830 | N83: =Table1_3[[#This Row],[Admission_Date]] -> 44830 | O83: =Table1_3[[#This Row],[Admission_Date]] -> 44830 | P83: 49979.95 | Q83: =SUMPRODUCT(($L$2:$L$5000=L83)*($O$2:$O$5000>P83))+1 -> 1 | R83: Child | S83: 49.442211 | T83: Obese | U83: =INDEX(Table2[Doctor_Name],MATCH(Table1_3[[#This Row],[Department]],Table2[Department],0)) -> Dr. Vikram Wang
A84: PT-1080 | B84: Ahmed Kumar | C84: 10 | D84: Female | E84: Chicago | F84: O+ | G84: Hypertension | H84: 150 | I84: 52 | J84: No | K84: Yes | L84: Cardiology | M84: 44819 | N84: =Table1_3[[#This Row],[Admission_Date]] -> 44819 | O84: =Table1_3[[#This Row],[Admission_Date]] -> 44819 | P84: 8517.36 | Q84: =SUMPRODUCT(($L$2:$L$5000=L84)*($O$2:$O$5000>P84))+1 -> 107 | R84: Child | S84: 23.111111 | T84: Normal | U84: =INDEX(Table2[Doctor_Name],MATCH(Table1_3[[#This Row],[Department]],Table2[Department],0)) -> Dr. Vikram Wang
A85: PT-1081 | B85: Hiroshi Wilson | C85: 82 | D85: Other | E85: Ahmedabad | F85: O+ | G85: Hypothyroidism | H85: 175.3 | I85: 92 | J85: Unknown | K85: No | L85: Gastroenterology | M85: 44888 | N85: =Table1_3[[#This Row],[Admission_Date]] -> 44888 | O85: =Table1_3[[#This Row],[Admission_Date]] -> 44888 | P85: 2539.12 | Q85: =SUMPRODUCT(($L$2:$L$5000=L85)*($O$2:$O$5000>P85))+1 -> 42 | R85: Senior | S85: 29.938083 | T85: Overweight | U85: =INDEX(Table2[Doctor_Name],MATCH(Table1_3[[#This Row],[Department]],Table2[Department],0)) -> Dr. Sunita Sanchez
A86: PT-1082 | B86: Camila Sanchez | C86: 74 | D86: Male | E86: Sydney | F86: A+ | G86: Chronic Kidney Disease | H86: 189 | I86: 112.4 | J86: Yes | K86: No | L86: Cardiology | M86: 44319 | N86: =Table1_3[[#This Row],[Admission_Date]] -> 44319 | O86: =Table1_3[[#This Row],[Admission_Date]] -> 44319 | P86: 22260.47 | Q86: =SUMPRODUCT(($L$2:$L$5000=L86)*($O$2:$O$5000>P86))+1 -> 107 | R86: Senior | S86: 31.466084 | T86: Obese | U86: =INDEX(Table2[Doctor_Name],MATCH(Table1_3[[#This Row],[Department]],Table2[Department],0)) -> Dr. Vikram Wang
A87: PT-1083 | B87: John Chen | C87: 52 | D87: Male | E87: Pune | F87: O+ | G87: Chronic Kidney Disease | H87: 158.8 | I87: 80 | J87: No | K87: Yes | L87: Orthopedics | M87: 44983 | N87: =Table1_3[[#This Row],[Admission_Date]] -> 44983 | O87: =Table1_3[[#This Row],[Admission_Date]] -> 44983 | P87: 21197.67 | Q87: =SUMPRODUCT(($L$2:$L$5000=L87)*($O$2:$O$5000>P87))+1 -> 83 | R87: Adult | S87: 31.724077 | T87: Obese | U87: =INDEX(Table2[Doctor_Name],MATCH(Table1_3[[#This Row],[Department]],Table2[Department],0)) -> Dr. Anita Sanchez
A88: PT-1084 | B88: Ahmed Chen | C88: 66 | D88: Female | E88: Los Angeles | F88: B+ | G88: Chronic Kidney Disease | H88: 194.7 | I88: 85 | J88: No | K88: No | L88: Orthopedics | M88: 44473 | N88: =Table1_3[[#This Row],[Admission_Date]] -> 44473 | O88: =Table1_3[[#This Row],[Admission_Date]] -> 44473 | P88: 14427.14 | Q88: =SUMPRODUCT(($L$2:$L$5000=L88)*($O$2:$O$5000>P88))+1 -> 83 | R88: Senior | S88: 22.422654 | T88: Normal | U88: =INDEX(Table2[Doctor_Name],MATCH(Table1_3[[#This Row],[Department]],Table2[Department],0)) -> Dr. Anita Sanchez
A89: PT-1085 | B89: Riya Rodriguez | C89: 18 | D89: Male | E89: Hyderabad | F89: O+ | G89: Unknown | H89: 172 | I89: 57.5 | J89: No | K89: Yes | L89: General Medicine | M89: 45267 | N89: =Table1_3[[#This Row],[Admission_Date]] -> 45267 | O89: =Table1_3[[#This Row],[Admission_Date]] -> 45267 | P89: 14346.17 | Q89: =SUMPRODUCT(($L$2:$L$5000=L89)*($O$2:$O$5000>P89))+1 -> 38 | R89: Child | S89: 19.436182 | T89: Normal | U89: =INDEX(Table2[Doctor_Name],MATCH(Table1_3[[#This Row],[Department]],Table2[Department],0)) -> Dr. Arvind Wilson
A90: PT-1086 | B90: Reyansh Suzuki | C90: 72 | D90: Female | E90: Pune | F90: O+ | G90: Anemia | H90: 165 | I90: Invalid | J90: Unknown | K90: No | L90: Endocrinology | M90: 45167 | N90: =Table1_3[[#This Row],[Admission_Date]] -> 45167 | O90: =Table1_3[[#This Row],[Admission_Date]] -> 45167 | P90: 23120.93 | Q90: =SUMPRODUCT(($L$2:$L$5000=L90)*($O$2:$O$5000>P90))+1 -> 45 | R90: Senior | S90: Unknown | T90: Unknown | U90: =INDEX(Table2[Doctor_Name],MATCH(Table1_3[[#This Row],[Department]],Table2[Department],0)) -> Dr. Rahul Nair
A91: PT-1087 | B91: Noor Chen | C91: 95 | D91: Female | E91: Jaipur | F91: O+ | G91: Chronic Kidney Disease | H91: 160 | I91: 41.5 | J91: Unknown | K91: No | L91: Oncology | M91: 44827 | N91: =Table1_3[[#This Row],[Admission_Date]] -> 44827 | O91: =Table1_3[[#This Row],[Admission_Date]] -> 44827 | P91: 43668.91 | Q91: =SUMPRODUCT(($L$2:$L$5000=L91)*($O$2:$O$5000>P91))+1 -> 31 | R91: Senior | S91: 16.210937 | T91: Underweight | U91: =INDEX(Table2[Doctor_Name],MATCH(Table1_3[[#This Row],[Department]],Table2[Department],0)) -> Dr. Suresh Johnson
A92: PT-1088 | B92: Maria Ramirez | C92: 75 | D92: Female | E92: Kolkata | F92: Ab+ | G92: Hypertension | H92: 172 | I92: 79.7 | J92: Yes | K92: Yes | L92: Gastroenterology | M92: 44614 | N92: =Table1_3[[#This Row],[Admission_Date]] -> 44614 | O92: =Table1_3[[#This Row],[Admission_Date]] -> 44614 | P92: 25340.07 | Q92: =SUMPRODUCT(($L$2:$L$5000=L92)*($O$2:$O$5000>P92))+1 -> 42 | R92: Senior | S92: 26.940238 | T92: Overweight | U92: =INDEX(Table2[Doctor_Name],MATCH(Table1_3[[#This Row],[Department]],Table2[Department],0)) -> Dr. Sunita Sanchez
A93: PT-1089 | B93: Diego Patel | C93: 72 | D93: Female | E93: Delhi | F93: Unknown | G93: Chronic Kidney Disease | H93: 158 | I93: 70.8 | J93: Unknown | K93: Unknown | L93: Dermatology | M93: 44738 | N93: =Table1_3[[#This Row],[Admission_Date]] -> 44738 | O93: =Table1_3[[#This Row],[Admission_Date]] -> 44738 | P93: 24466.92 | Q93: =SUMPRODUCT(($L$2:$L$5000=L93)*($O$2:$O$5000>P93))+1 -> 35 | R93: Senior | S93: 28.36084 | T93: Overweight | U93: =INDEX(Table2[Doctor_Name],MATCH(Table1_3[[#This Row],[Department]],Table2[Department],0)) -> Dr. Neha Liu
A94: PT-1090 | B94: Kiara Wilson | C94: 63 | D94: Female | E94: Los Angeles | F94: O+ | G94: Depression | H94: 162 | I94: 91.6 | J94: No | K94: No | L94: Endocrinology | M94: 44496 | N94: =Table1_3[[#This Row],[Admission_Date]] -> 44496 | O94: =Table1_3[[#This Row],[Admission_Date]] -> 44496 | P94: 2582.29 | Q94: =SUMPRODUCT(($L$2:$L$5000=L94)*($O$2:$O$5000>P94))+1 -> 45 | R94: Senior | S94: 34.903216 | T94: Obese | U94: =INDEX(Table2[Doctor_Name],MATCH(Table1_3[[#This Row],[Department]],Table2[Department],0)) -> Dr. Rahul Nair
A95: PT-1091 | B95: Maria Miller | C95: 69 | D95: Male | E95: London | F95: A+ | G95: Hypertension | H95: 150.6 | I95: 100 | J95: Unknown | K95: No | L95: Cardiology | M95: 44402 | N95: =Table1_3[[#This Row],[Admission_Date]] -> 44402 | O95: =Table1_3[[#This Row],[Admission_Date]] -> 44402 | P95: 16849.53 | Q95: =SUMPRODUCT(($L$2:$L$5000=L95)*($O$2:$O$5000>P95))+1 -> 107 | R95: Senior | S95: 44.091011 | T95: Obese | U95: =INDEX(Table2[Doctor_Name],MATCH(Table1_3[[#This Row],[Department]],Table2[Department],0)) -> Dr. Vikram Wang
A96: PT-1092 | B96: Fatima Smith | C96: 61 | D96: Female | E96: Mumbai | F96: Ab+ | G96: Unknown | H96: 192.9 | I96: 48 | J96: Yes | K96: Unknown | L96: Gastroenterology | M96: 44273 | N96: =Table1_3[[#This Row],[Admission_Date]] -> 44273 | O96: =Table1_3[[#This Row],[Admission_Date]] -> 44273 | P96: 21185.31 | Q96: =SUMPRODUCT(($L$2:$L$5000=L96)*($O$2:$O$5000>P96))+1 -> 42 | R96: Senior | S96: 12.899616 | T96: Underweight | U96: =INDEX(Table2[Doctor_Name],MATCH(Table1_3[[#This Row],[Department]],Table2[Department],0)) -> Dr. Sunita Sanchez
A97: PT-1093 | B97: Mary Hernandez | C97: 38 | D97: Male | E97: Mumbai | F97: B+ | G97: Anxiety | H97: Invalid | I97: 129 | J97: Yes | K97: Yes | L97: Pediatrics | M97: 44755 | N97: =Table1_3[[#This Row],[Admission_Date]] -> 44755 | O97: =Table1_3[[#This Row],[Admission_Date]] -> 44755 | P97: 40536.29 | Q97: =SUMPRODUCT(($L$2:$L$5000=L97)*($O$2:$O$5000>P97))+1 -> 37 | R97: Adult | S97: Unknown | T97: Unknown | U97: =INDEX(Table2[Doctor_Name],MATCH(Table1_3[[#This Row],[Department]],Table2[Department],0)) -> Dr. Arvind Chen
A98: PT-1094 | B98: Sofia Johnson | C98: 38 | D98: Other | E98: Delhi | F98: Ab+ | G98: Obesity | H98: 150.9 | I98: 86 | J98: No | K98: Unknown | L98: Cardiology | M98: 44575 | N98: =Table1_3[[#This Row],[Admission_Date]] -> 44575 | O98: =Table1_3[[#This Row],[Admission_Date]] -> 44575 | P98: 24133.98 | Q98: =SUMPRODUCT(($L$2:$L$5000=L98)*($O$2:$O$5000>P98))+1 -> 107 | R98: Adult | S98: 37.767651 | T98: Obese | U98: =INDEX(Table2[Doctor_Name],MATCH(Table1_3[[#This Row],[Department]],Table2[Department],0)) -> Dr. Vikram Wang
A99: PT-1095 | B99: Barbara Davis | C99: 93 | D99: Other | E99: Mumbai | F99: A+ | G99: Hypothyroidism | H99: 184 | I99: 54.4 | J99: Unknown | K99: No | L99: Dermatology | M99: 44801 | N99: =Table1_3[[#This Row],[Admission_Date]] -> 44801 | O99: =Table1_3[[#This Row],[Admission_Date]] -> 44801 | P99: 30923.96 | Q99: =SUMPRODUCT(($L$2:$L$5000=L99)*($O$2:$O$5000>P99))+1 -> 35 | R99: Senior | S99: 16.068053 | T99: Underweight | U99: =INDEX(Table2[Doctor_Name],MATCH(Table1_3[[#This Row],[Department]],Table2[Department],0)) -> Dr. Neha Liu
A100: PT-1096 | B100: Valentina Torres | C100: 61 | D100: Male | E100: London | F100: Ab+ | G100: Unknown | H100: 183 | I100: 87.5 | J100: No | K100: No | L100: Cardiology | M100: 44382 | N100: =Table1_3[[#This Row],[Admission_Date]] -> 44382 | O100: =Table1_3[[#This Row],[Admission_Date]] -> 44382 | P100: 45192.96 | Q100: =SUMPRODUCT(($L$2:$L$5000=L100)*($O$2:$O$5000>P100))+1 -> 7 | R100: Senior | S100: 26.127982 | T100: Overweight | U100: =INDEX(Table2[Doctor_Name],MATCH(Table1_3[[#This Row],[Department]],Table2[Department],0)) -> Dr. Vikram Wang
A101: PT-1097 | B101: Hiroshi Hussain | C101: 75 | D101: Female | E101: Bengaluru | F101: Ab- | G101: Unknown | H101: 172 | I101: 81 | J101: Yes | K101: No | L101: Dermatology | M101: 44828 | N101: =Table1_3[[#This Row],[Admission_Date]] -> 44828 | O101: =Table1_3[[#This Row],[Admission_Date]] -> 44828 | P101: 1577.64 | Q101: =SUMPRODUCT(($L$2:$L$5000=L101)*($O$2:$O$5000>P101))+1 -> 35 | R101: Senior | S101: 27.379665 | T101: Overweight | U101: =INDEX(Table2[Doctor_Name],MATCH(Table1_3[[#This Row],[Department]],Table2[Department],0)) -> Dr. Neha Liu
A102: PT-1098 | B102: Arjun Gupta | C102: 70 | D102: Male | E102: Bengaluru | F102: Unknown | G102: Hypertension | H102: 188.9 | I102: 128 | J102: No | K102: Yes | L102: Pediatrics | M102: 44970 | N102: =Table1_3[[#This Row],[Admission_Date]] -> 44970 | O102: =Table1_3[[#This Row],[Admission_Date]] -> 44970 | P102: 4472.37 | Q102: =SUMPRODUCT(($L$2:$L$5000=L102)*($O$2:$O$5000>P102))+1 -> 37 | R102: Senior | S102: 35.871212 | T102: Obese | U102: =INDEX(Table2[Doctor_Name],MATCH(Table1_3[[#This Row],[Department]],Table2[Department],0)) -> Dr. Arvind Chen
A103: PT-1099 | B103: David Nair | C103: 68 | D103: Male | E103: Hyderabad | F103: Ab- | G103: Unknown | H103: 174 | I103: Invalid | J103: Yes | K103: No | L103: Dermatology | M103: 45065 | N103: =Table1_3[[#This Row],[Admission_Date]] -> 45065 | O103: =Table1_3[[#This Row],[Admission_Date]] -> 45065 | P103: 19274.19 | Q103: =SUMPRODUCT(($L$2:$L$5000=L103)*($O$2:$O$5000>P103))+1 -> 35 | R103: Senior | S103: Unknown | T103: Unknown | U103: =INDEX(Table2[Doctor_Name],MATCH(Table1_3[[#This Row],[Department]],Table2[Department],0)) -> Dr. Neha Liu
A104: PT-1100 | B104: Diya Nair | C104: 79 | D104: Male | E104: Mumbai | F104: Ab- | G104: Anemia | H104: 165 | I104: 100 | J104: No | K104: Unknown | L104: Cardiology | M104: 45020 | N104: =Table1_3[[#This Row],[Admission_Date]] -> 45020 | O104: =Table1_3[[#This Row],[Admission_Date]] -> 45020 | P104: 12099.79 | Q104: =SUMPRODUCT(($L$2:$L$5000=L104)*($O$2:$O$5000>P104))+1 -> 107 | R104: Senior | S104: 36.730946 | T104: Obese | U104: =INDEX(Table2[Doctor_Name],MATCH(Table1_3[[#This Row],[Department]],Table2[Department],0)) -> Dr. Vikram Wang
A105: PT-1101 | B105: Wilson Ming | C105: 74 | D105: Female | E105: Toronto | F105: O+ | G105: Heart Disease | H105: 188 | I105: 65 | J105: Unknown | K105: Unknown | L105: Oncology | M105: 45212 | N105: =Table1_3[[#This Row],[Admission_Date]] -> 45212 | O105: =Table1_3[[#This Row],[Admission_Date]] -> 45212 | P105: 48628.37 | Q105: =SUMPRODUCT(($L$2:$L$5000=L105)*($O$2:$O$5000>P105))+1 -> 1 | R105: Senior | S105: 18.390675 | T105: Underweight | U105: =INDEX(Table2[Doctor_Name],MATCH(Table1_3[[#This Row],[Department]],Table2[Department],0)) -> Dr. Suresh Johnson
A106: PT-1102 | B106: John Khan | C106: 24 | D106: Male | E106: London | F106: Unknown | G106: Heart Disease | H106: 193 | I106: 122.3 | J106: No | K106: Yes | L106: General Medicine | M106: 44237 | N106: =Table1_3[[#This Row],[Admission_Date]] -> 44237 | O106: =Table1_3[[#This Row],[Admission_Date]] -> 44237 | P106: 12521.5 | Q106: =SUMPRODUCT(($L$2:$L$5000=L106)*($O$2:$O$5000>P106))+1 -> 38 | R106: Young Adult | S106: 32.833096 | T106: Obese | U106: =INDEX(Table2[Doctor_Name],MATCH(Table1_3[[#This Row],[Department]],Table2[Department],0)) -> Dr. Arvind Wilson
A107: PT-1103 | B107: James Singh | C107: 7 | D107: Male | E107: Bengaluru | F107: A- | G107: Diabetes Type 2 | H107: 175.2 | I107: 118.3 | J107: Yes | K107: Yes | L107: Neurology | M107: 44586 | N107: =Table1_3[[#This Row],[Admission_Date]] -> 44586 | O107: =Table1_3[[#This Row],[Admission_Date]] -> 44586 | P107: 6307.15 | Q107: =SUMPRODUCT(($L$2:$L$5000=L107)*($O$2:$O$5000>P107))+1 -> 35 | R107: Child | S107: 38.540429 | T107: Obese | U107: =INDEX(Table2[Doctor_Name],MATCH(Table1_3[[#This Row],[Department]],Table2[Department],0)) -> Dr. Vikram Khan
A108: PT-1104 | B108: Layla Brown | C108: 42 | D108: Male | E108: Jaipur | F108: Ab+ | G108: Tuberculosis | H108: 169 | I108: 119.5 | J108: No | K108: Unknown | L108: Pediatrics | M108: 44852 | N108: =Table1_3[[#This Row],[Admission_Date]] -> 44852 | O108: =Table1_3[[#This Row],[Admission_Date]] -> 44852 | P108: 18849.89 | Q108: =SUMPRODUCT(($L$2:$L$5000=L108)*($O$2:$O$5000>P108))+1 -> 37 | R108: Adult | S108: 41.840272 | T108: Obese | U108: =INDEX(Table2[Doctor_Name],MATCH(Table1_3[[#This Row],[Department]],Table2[Department],0)) -> Dr. Arvind Chen
...

Sheet Doctor_Reference
A1: Doctor_ID | B1: Doctor_Name | C1: Department | D1: Years_Experience | E1: Consultation_Fee
A2: DOC-101 | B2: Dr. Arvind Chen | C2: Pediatrics | D2: 30
A3: DOC-102 | B3: Dr. Sunita Zhang | C3: ENT | D3: NA | E3: 2989
A4: DOC-103 | B4: Dr. Arvind Wilson | C4: General Medicine
A5: DOC-104 | B5: Dr. Vikram Torres | C5: Psychiatry | D5: 8
A6: DOC-105 | B6: Dr. Anita Sanchez | C6: Orthopedics | E6: -100
A7: DOC-106 | B7: Dr. Rahul Khan | C7: orthopedics | D7: NA | E7: Free
A8: DOC-107 | B8: Dr. Neha Liu | C8: Dermatology | D8: -2 | E8: -100
A9: DOC-108 | B9: Dr. Kavita Suzuki | C9: Pediatrics | D9: -2 | E9: -100
A10: DOC-109 | B10: Dr. Suresh Johnson | C10: Oncology | D10: 19 | E10: Free
A11: DOC-110 | B11: Dr. Arvind Ibrahim | C11: Dermatology | D11: 12 | E11: -100
A12: DOC-111 | B12: Dr. Vikram Khan | C12: Neurology | E12: 674
A13: DOC-112 | B13: Dr. Sunita Sanchez | C13: Gastroenterology | D13: 27
A14: DOC-113 | B14: Dr. Suresh Sanchez | C14: Dermatology | D14: 31 | E14: 2870
A15: DOC-114 | B15: Dr. Meera Torres | C15: Nephrology
A16: DOC-115 | B16: Dr. Pooja Liu | C16: Gastroenterology
A17: DOC-116 | B17: Dr. Neha Iyer | C17: Orthopedics | D17: 5 | E17: -100
A18: DOC-117 | B18: Dr. Pooja Garcia | C18: Dermatology | E18: -100
A19: DOC-118 | B19: Dr. Rahul Nair | C19: Endocrinology | E19: 961
A20: DOC-119 | B20: Dr. Rajesh Gupta | C20: Dermatology | D20: NA | E20: 2628
A21: DOC-120 | B21: Dr. Arvind Khan | C21: Orthopedics | D21: 35 | E21: 2233
A22: DOC-121 | B22: Dr. Pooja Lopez | C22: Psychiatry | D22: -2 | E22: 2491
A23: DOC-122 | B23: Dr. Neha Suzuki | C23: Gastroenterology | D23: NA | E23: 1457
A24: DOC-123 | B24: Dr. Anita Mehta | C24: Psychiatry | D24: 17 | E24: Free
A25: DOC-124 | B25: Dr. Vikram Wang | C25: cardiology | D25: NA | E25: 867
A26: DOC-125 | B26: Dr. Neha Kumar | C26: Pediatrics | E26: Free

Sheet Lab_Results
A1: Test_ID | B1: Patient_ID | C1: Test_Name | D1: Test_Date | E1: Result_Value | F1: Unit | G1: Normal_Range | H1: Status | I1: Orpahn_check
A2: LAB-2001 | B2: PT-1539 | C2: Hemoglobin | D2: 2022/07/18 | E2: 197.9 | F2: g/dL | G2: 12-17 | H2: Normal | I2: =IF(COUNTIF(Old_Patient_Records!$A$2:$A$549,Table4[[#This Row],[Patient_ID]])=0,"Orphan","Valid") -> Valid
A3: LAB-2002 | B3: PT-1282 | C3: Cholesterol | D3: 13.01.2023 | E3: 11.4 | F3: mg/dL | G3: 125-200 | H3: HIGH | I3: =IF(COUNTIF(Old_Patient_Records!$A$2:$A$549,Table4[[#This Row],[Patient_ID]])=0,"Orphan","Valid") -> Valid
A4: LAB-2003 | B4: PT-1335 | C4: Hemoglobin | D4: 20.06.2023 | E4: 144.1 | F4: g/dL | G4: 12-17 | H4: HIGH | I4: =IF(COUNTIF(Old_Patient_Records!$A$2:$A$549,Table4[[#This Row],[Patient_ID]])=0,"Orphan","Valid") -> Valid
A5: LAB-2004 | B5: PT-1111 | C5: Cholesterol | D5: 02-26-2023 | E5: 40.9 | F5: mg/dL | G5: 125-200 | H5: normal | I5: =IF(COUNTIF(Old_Patient_Records!$A$2:$A$549,Table4[[#This Row],[Patient_ID]])=0,"Orphan","Valid") -> Valid
A6: LAB-2005 | B6: PT-1095 | C6: Blood Glucose | D6: 16.01.2023 | F6: mg/dL | G6: 70-110 | H6: Pending | I6: =IF(COUNTIF(Old_Patient_Records!$A$2:$A$549,Table4[[#This Row],[Patient_ID]])=0,"Orphan","Valid") -> Valid
A7: LAB-2006 | B7: PT-1086 | C7: WBC Count | D7: 12-15-2021 | E7: 104.4 | F7: cells/uL | G7: 4500-11000 | H7: Low | I7: =IF(COUNTIF(Old_Patient_Records!$A$2:$A$549,Table4[[#This Row],[Patient_ID]])=0,"Orphan","Valid") -> Valid
A8: LAB-2007 | B8: PT-1235 | C8: BMI | D8: 21.09.2023 | E8: 133.2 | F8: kg/m2 | G8: 18.5-25 | H8: Low | I8: =IF(COUNTIF(Old_Patient_Records!$A$2:$A$549,Table4[[#This Row],[Patient_ID]])=0,"Orphan","Valid") -> Valid
A9: LAB-2008 | B9: PT-1006 | C9: BMI | D9: 05-13-2021 | F9: kg/m2 | G9: 18.5-25 | H9: normal | I9: =IF(COUNTIF(Old_Patient_Records!$A$2:$A$549,Table4[[#This Row],[Patient_ID]])=0,"Orphan","Valid") -> Valid
A10: LAB-2009 | B10: PT-1228 | C10: Hemoglobin | D10: 02.09.2021 | E10: 73.2 | F10: g/dL | G10: 12-17 | H10: normal | I10: =IF(COUNTIF(Old_Patient_Records!$A$2:$A$549,Table4[[#This Row],[Patient_ID]])=0,"Orphan","Valid") -> Valid
A11: LAB-2010 | B11: PT-1411 | C11: Hemoglobin | D11: 10/12/2023 | E11: 210.8 | F11: g/dL | G11: 12-17 | H11: normal | I11: =IF(COUNTIF(Old_Patient_Records!$A$2:$A$549,Table4[[#This Row],[Patient_ID]])=0,"Orphan","Valid") -> Valid
A12: LAB-2011 | B12: PT-1456 | C12: Hemoglobin | D12: 2023-11-06 | E12: 158.5 | F12: g/dL | G12: 12-17 | H12: HIGH | I12: =IF(COUNTIF(Old_Patient_Records!$A$2:$A$549,Table4[[#This Row],[Patient_ID]])=0,"Orphan","Valid") -> Valid
A13: LAB-2012 | B13: PT-1070 | C13: BMI | D13: 07/12/2023 | E13: 242.8 | F13: kg/m2 | G13: 18.5-25 | H13: normal | I13: =IF(COUNTIF(Old_Patient_Records!$A$2:$A$549,Table4[[#This Row],[Patient_ID]])=0,"Orphan","Valid") -> Valid
A14: LAB-2013 | B14: PT-1489 | C14: Hemoglobin | D14: 17/05/2022 | E14: 174 | F14: g/dL | G14: 12-17 | I14: =IF(COUNTIF(Old_Patient_Records!$A$2:$A$549,Table4[[#This Row],[Patient_ID]])=0,"Orphan","Valid") -> Valid
A15: LAB-2014 | B15: PT-1470 | C15: Cholesterol | D15: 25.01.2022 | E15: 140.2 | F15: mg/dL | G15: 125-200 | H15: High | I15: =IF(COUNTIF(Old_Patient_Records!$A$2:$A$549,Table4[[#This Row],[Patient_ID]])=0,"Orphan","Valid") -> Valid
A16: LAB-2015 | B16: PT-1284 | C16: Cholesterol | D16: 05-Sep-2023 | E16: 55.9 | F16: mg/dL | G16: 125-200 | H16: High | I16: =IF(COUNTIF(Old_Patient_Records!$A$2:$A$549,Table4[[#This Row],[Patient_ID]])=0,"Orphan","Valid") -> Valid
A17: LAB-2016 | B17: PT-1510 | C17: BMI | D17: 07-Feb-2022 | E17: 83.1 | F17: kg/m2 | G17: 18.5-25 | H17: High | I17: =IF(COUNTIF(Old_Patient_Records!$A$2:$A$549,Table4[[#This Row],[Patient_ID]])=0,"Orphan","Valid") -> Valid
A18: LAB-2017 | B18: PT-1222 | C18: Blood Pressure | D18: 09-25-2023 | E18: 29.5 | F18: mmHg | G18: 90/60-120/80 | H18: Normal | I18: =IF(COUNTIF(Old_Patient_Records!$A$2:$A$549,Table4[[#This Row],[Patient_ID]])=0,"Orphan","Valid") -> Valid
A19: LAB-2018 | B19: PT-1220 | C19: BMI | D19: 2022/02/03 | E19: 181.4 | F19: kg/m2 | G19: 18.5-25 | I19: =IF(COUNTIF(Old_Patient_Records!$A$2:$A$549,Table4[[#This Row],[Patient_ID]])=0,"Orphan","Valid") -> Valid
A20: LAB-2019 | B20: PT-1526 | C20: Blood Glucose | D20: 12-28-2021 | E20: 152.3 | F20: mg/dL | G20: 70-110 | H20: Pending | I20: =IF(COUNTIF(Old_Patient_Records!$A$2:$A$549,Table4[[#This Row],[Patient_ID]])=0,"Orphan","Valid") -> Valid
A21: LAB-2020 | B21: PT-1326 | C21: Blood Pressure | D21: 11-30-2022 | E21: 69.7 | F21: mmHg | G21: 90/60-120/80 | H21: Pending | I21: =IF(COUNTIF(Old_Patient_Records!$A$2:$A$549,Table4[[#This Row],[Patient_ID]])=0,"Orphan","Valid") -> Valid
A22: LAB-2021 | B22: PT-1251 | C22: BMI | D22: 09-Jan-2022 | E22: 32.3 | F22: kg/m2 | G22: 18.5-25 | H22: Normal | I22: =IF(COUNTIF(Old_Patient_Records!$A$2:$A$549,Table4[[#This Row],[Patient_ID]])=0,"Orphan","Valid") -> Valid
A23: LAB-2022 | B23: PT-1178 | C23: Hemoglobin | D23: 15-May-2021 | E23: 120.3 | F23: g/dL | G23: 12-17 | H23: HIGH | I23: =IF(COUNTIF(Old_Patient_Records!$A$2:$A$549,Table4[[#This Row],[Patient_ID]])=0,"Orphan","Valid") -> Valid
A24: LAB-2023 | B24: PT-1226 | C24: Blood Glucose | D24: 10/01/2022 | E24: 88.9 | F24: mg/dL | G24: 70-110 | H24: High | I24: =IF(COUNTIF(Old_Patient_Records!$A$2:$A$549,Table4[[#This Row],[Patient_ID]])=0,"Orphan","Valid") -> Valid
A25: LAB-2024 | B25: PT-1089 | C25: Cholesterol | D25: 2023-08-25 | E25: 79.8 | F25: mg/dL | G25: 125-200 | H25: HIGH | I25: =IF(COUNTIF(Old_Patient_Records!$A$2:$A$549,Table4[[#This Row],[Patient_ID]])=0,"Orphan","Valid") -> Valid
A26: LAB-2025 | B26: PT-1180 | C26: BMI | D26: 23/03/2023 | E26: 84.3 | F26: kg/m2 | G26: 18.5-25 | H26: Low | I26: =IF(COUNTIF(Old_Patient_Records!$A$2:$A$549,Table4[[#This Row],[Patient_ID]])=0,"Orphan","Valid") -> Valid
A27: LAB-2026 | B27: PT-1306 | C27: BMI | D27: 04.05.2023 | E27: 239.4 | F27: kg/m2 | G27: 18.5-25 | H27: HIGH | I27: =IF(COUNTIF(Old_Patient_Records!$A$2:$A$549,Table4[[#This Row],[Patient_ID]])=0,"Orphan","Valid") -> Valid
A28: LAB-2027 | B28: PT-1349 | C28: Cholesterol | D28: 30/01/2023 | E28: 233.9 | F28: mg/dL | G28: 125-200 | H28: HIGH | I28: =IF(COUNTIF(Old_Patient_Records!$A$2:$A$549,Table4[[#This Row],[Patient_ID]])=0,"Orphan","Valid") -> Valid
A29: LAB-2028 | B29: PT-1537 | C29: Hemoglobin | D29: 17-Mar-2023 | E29: 115.2 | F29: g/dL | G29: 12-17 | H29: Normal | I29: =IF(COUNTIF(Old_Patient_Records!$A$2:$A$549,Table4[[#This Row],[Patient_ID]])=0,"Orphan","Valid") -> Valid
A30: LAB-2029 | B30: PT-1359 | C30: Blood Pressure | D30: 07-25-2023 | E30: 91.6 | F30: mmHg | G30: 90/60-120/80 | H30: Normal | I30: =IF(COUNTIF(Old_Patient_Records!$A$2:$A$549,Table4[[#This Row],[Patient_ID]])=0,"Orphan","Valid") -> Valid
A31: LAB-2030 | B31: PT-1071 | C31: WBC Count | D31: 22-Oct-2022 | E31: 77.2 | F31: cells/uL | G31: 4500-11000 | H31: Critical | I31: =IF(COUNTIF(Old_Patient_Records!$A$2:$A$549,Table4[[#This Row],[Patient_ID]])=0,"Orphan","Valid") -> Valid
... A34: LAB-2033 | B34: PT-1393 | C34: WBC Count | D34: 2023-02-08 | E34: 66.2 | F34: cells/uL | G34: 4500-11000 | H34: High | I34: =IF(COUNTIF(Old_Patient_Records!$A$2:$A$549,Table4[[#This Row],[Patient_ID]])=0,"Orphan","Valid") -> Valid
A35: LAB-2034 | B35: PT-1168 | C35: Blood Glucose | D35: 2022-08-06 | E35: 136.8 | F35: mg/dL | G35: 70-110 | I35: =IF(COUNTIF(Old_Patient_Records!$A$2:$A$549,Table4[[#This Row],[Patient_ID]])=0,"Orphan","Valid") -> Valid
A36: LAB-2035 | B36: PT-1365 | C36: Cholesterol | D36: 28/04/2023 | E36: 84.5 | F36: mg/dL | G36: 125-200 | H36: Low | I36: =IF(COUNTIF(Old_Patient_Records!$A$2:$A$549,Table4[[#This Row],[Patient_ID]])=0,"Orphan","Valid") -> Valid
A37: LAB-2036 | B37: PT-1255 | C37: BMI | D37: 2022/11/03 | E37: 142.6 | F37: kg/m2 | G37: 18.5-25 | H37: Pending | I37: =IF(COUNTIF(Old_Patient_Records!$A$2:$A$549,Table4[[#This Row],[Patient_ID]])=0,"Orphan","Valid") -> Valid
A38: LAB-2037 | B38: PT-1341 | C38: WBC Count | D38: 2021-10-15 | E38: 205.2 | F38: cells/uL | G38: 4500-11000 | H38: abnormal | I38: =IF(COUNTIF(Old_Patient_Records!$A$2:$A$549,Table4[[#This Row],[Patient_ID]])=0,"Orphan","Valid") -> Valid
A39: LAB-2038 | B39: PT-1532 | C39: Hemoglobin | D39: 20-Oct-2022 | E39: 188.1 | F39: g/dL | G39: 12-17 | H39: normal | I39: =IF(COUNTIF(Old_Patient_Records!$A$2:$A$549,Table4[[#This Row],[Patient_ID]])=0,"Orphan","Valid") -> Valid
A40: LAB-2039 | B40: PT-1078 | C40: Blood Pressure | D40: 2022/06/07 | E40: 171 | F40: mmHg | G40: 90/60-120/80 | H40: Normal | I40: =IF(COUNTIF(Old_Patient_Records!$A$2:$A$549,Table4[[#This Row],[Patient_ID]])=0,"Orphan","Valid") -> Valid
A41: LAB-2040 | B41: PT-1107 | C41: Cholesterol | D41: 2021/04/09 | E41: 109.7 | F41: mg/dL | G41: 125-200 | H41: Normal | I41: =IF(COUNTIF(Old_Patient_Records!$A$2:$A$549,Table4[[#This Row],[Patient_ID]])=0,"Orphan","Valid") -> Valid
A42: LAB-2041 | B42: PT-1187 | C42: BMI | D42: 2022/11/01 | E42: 248.9 | F42: kg/m2 | G42: 18.5-25 | I42: =IF(COUNTIF(Old_Patient_Records!$A$2:$A$549,Table4[[#This Row],[Patient_ID]])=0,"Orphan","Valid") -> Valid
A43: LAB-2042 | B43: PT-1261 | C43: Hemoglobin | D43: 2021/08/19 | E43: 184.9 | F43: g/dL | G43: 12-17 | H43: Low | I43: =IF(COUNTIF(Old_Patient_Records!$A$2:$A$549,Table4[[#This Row],[Patient_ID]])=0,"Orphan","Valid") -> Valid
A44: LAB-2043 | B44: PT-1346 | C44: BMI | D44: 2022-01-26 | E44: 145.6 | F44: kg/m2 | G44: 18.5-25 | H44: Critical | I44: =IF(COUNTIF(Old_Patient_Records!$A$2:$A$549,Table4[[#This Row],[Patient_ID]])=0,"Orphan","Valid") -> Valid
A45: LAB-2044 | B45: PT-1139 | C45: Hemoglobin | D45: 27-Nov-2022 | E45: 164.4 | F45: g/dL | G45: 12-17 | H45: Pending | I45: =IF(COUNTIF(Old_Patient_Records!$A$2:$A$549,Table4[[#This Row],[Patient_ID]])=0,"Orphan","Valid") -> Valid
A46: LAB-2045 | B46: PT-1231 | C46: WBC Count | D46: 2022-08-25 | E46: 222.9 | F46: cells/uL | G46: 4500-11000 | H46: Critical | I46: =IF(COUNTIF(Old_Patient_Records!$A$2:$A$549,Table4[[#This Row],[Patient_ID]])=0,"Orphan","Valid") -> Valid
A47: LAB-2046 | B47: PT-9046 | C47: Blood Glucose | D47: 2022/04/02 | E47: 84 | F47: mg/dL | G47: 70-110 | H47: abnormal | I47: =IF(COUNTIF(Old_Patient_Records!$A$2:$A$549,Table4[[#This Row],[Patient_ID]])=0,"Orphan","Valid") -> Orphan
A48: LAB-2047 | B48: PT-1434 | C48: BMI | D48: 28.12.2022 | E48: 193.6 | F48: kg/m2 | G48: 18.5-25 | H48: Low | I48: =IF(COUNTIF(Old_Patient_Records!$A$2:$A$549,Table4[[#This Row],[Patient_ID]])=0,"Orphan","Valid") -> Valid
A49: LAB-2048 | B49: PT-1390 | C49: Cholesterol | D49: 2023/12/29 | E49: 80.6 | F49: mg/dL | G49: 125-200 | H49: Normal | I49: =IF(COUNTIF(Old_Patient_Records!$A$2:$A$549,Table4[[#This Row],[Patient_ID]])=0,"Orphan","Valid") -> Valid
A50: LAB-2049 | B50: PT-1161 | C50: Cholesterol | D50: 17.04.2022 | E50: 85.2 | F50: mg/dL | G50: 125-200 | H50: normal | I50: =IF(COUNTIF(Old_Patient_Records!$A$2:$A$549,Table4[[#This Row],[Patient_ID]])=0,"Orphan","Valid") -> Valid
A51: LAB-2050 | B51: PT-1300 | C51: Cholesterol | D51: 03-21-2022 | E51: 247.8 | F51: mg/dL | G51: 125-200 | H51: Normal | I51: =IF(COUNTIF(Old_Patient_Records!$A$2:$A$549,Table4[[#This Row],[Patient_ID]])=0,"Orphan","Valid") -> Valid
A52: LAB-2051 | B52: PT-1251 | C52: Cholesterol | D52: 22-Feb-2021 | E52: 35.2 | F52: mg/dL | G52: 125-200 | H52: normal | I52: =IF(COUNTIF(Old_Patient_Records!$A$2:$A$549,Table4[[#This Row],[Patient_ID]])=0,"Orphan","Valid") -> Valid
A53: LAB-2052 | B53: PT-1182 | C53: Blood Pressure | D53: 2023/02/19 | E53: 102.8 | F53: mmHg | G53: 90/60-120/80 | H53: High | I53: =IF(COUNTIF(Old_Patient_Records!$A$2:$A$549,Table4[[#This Row],[Patient_ID]])=0,"Orphan","Valid") -> Valid
A54: LAB-2053 | B54: PT-1281 | C54: Blood Glucose | D54: 07/09/2021 | E54: 228.8 | F54: mg/dL | G54: 70-110 | H54: normal | I54: =IF(COUNTIF(Old_Patient_Records!$A$2:$A$549,Table4[[#This Row],[Patient_ID]])=0,"Orphan","Valid") -> Valid
... A61: LAB-2060 | B61: PT-1216 | C61: WBC Count | D61: 09/05/2023 | E61: 156.3 | F61: cells/uL | G61: 4500-11000 | H61: Low | I61: =IF(COUNTIF(Old_Patient_Records!$A$2:$A$549,Table4[[#This Row],[Patient_ID]])=0,"Orphan","Valid") -> Valid
A62: LAB-2061 | B62: PT-1394 | C62: BMI | D62: 2021-11-29 | E62: 94.4 | F62: kg/m2 | G62: 18.5-25 | I62: =IF(COUNTIF(Old_Patient_Records!$A$2:$A$549,Table4[[#This Row],[Patient_ID]])=0,"Orphan","Valid") -> Valid
A63: LAB-2062 | B63: PT-1005 | C63: Cholesterol | D63: 2022-10-20 | E63: 227.7 | F63: mg/dL | G63: 125-200 | H63: Normal | I63: =IF(COUNTIF(Old_Patient_Records!$A$2:$A$549,Table4[[#This Row],[Patient_ID]])=0,"Orphan","Valid") -> Valid
A64: LAB-2063 | B64: PT-9063 | C64: Hemoglobin | D64: 23-Oct-2021 | E64: 120.3 | F64: g/dL | G64: 12-17 | H64: Normal | I64: =IF(COUNTIF(Old_Patient_Records!$A$2:$A$549,Table4[[#This Row],[Patient_ID]])=0,"Orphan","Valid") -> Orphan
A65: LAB-2064 | B65: PT-1413 | C65: BMI | D65: 16/12/2022 | E65: 46.6 | F65: kg/m2 | G65: 18.5-25 | H65: High | I65: =IF(COUNTIF(Old_Patient_Records!$A$2:$A$549,Table4[[#This Row],[Patient_ID]])=0,"Orphan","Valid") -> Valid
A66: LAB-2065 | B66: PT-1469 | C66: Blood Pressure | D66: 2023/05/01 | E66: 242.3 | F66: mmHg | G66: 90/60-120/80 | I66: =IF(COUNTIF(Old_Patient_Records!$A$2:$A$549,Table4[[#This Row],[Patient_ID]])=0,"Orphan","Valid") -> Valid
A67: LAB-2066 | B67: PT-1330 | C67: Cholesterol | D67: 11/06/2022 | E67: 81.3 | F67: mg/dL | G67: 125-200 | H67: abnormal | I67: =IF(COUNTIF(Old_Patient_Records!$A$2:$A$549,Table4[[#This Row],[Patient_ID]])=0,"Orphan","Valid") -> Valid
A68: LAB-2067 | B68: PT-1490 | C68: WBC Count | D68: 06/02/2022 | E68: 122.1 | F68: cells/uL | G68: 4500-11000 | H68: normal | I68: =IF(COUNTIF(Old_Patient_Records!$A$2:$A$549,Table4[[#This Row],[Patient_ID]])=0,"Orphan","Valid") -> Valid
A69: LAB-2068 | B69: PT-1077 | C69: BMI | D69: 14.07.2021 | E69: 60.3 | F69: kg/m2 | G69: 18.5-25 | H69: Critical | I69: =IF(COUNTIF(Old_Patient_Records!$A$2:$A$549,Table4[[#This Row],[Patient_ID]])=0,"Orphan","Valid") -> Valid
A70: LAB-2069 | B70: PT-1355 | C70: Hemoglobin | D70: 09-09-2022 | E70: 66.2 | F70: g/dL | G70: 12-17 | I70: =IF(COUNTIF(Old_Patient_Records!$A$2:$A$549,Table4[[#This Row],[Patient_ID]])=0,"Orphan","Valid") -> Valid
A71: LAB-2070 | B71: PT-1086 | C71: WBC Count | D71: 09-27-2021 | E71: 146.4 | F71: cells/uL | G71: 4500-11000 | H71: Critical | I71: =IF(COUNTIF(Old_Patient_Records!$A$2:$A$549,Table4[[#This Row],[Patient_ID]])=0,"Orphan","Valid") -> Valid
A72: LAB-2071 | B72: PT-1343 | C72: Hemoglobin | D72: 09/04/2021 | E72: 188.2 | F72: g/dL | G72: 12-17 | H72: Low | I72: =IF(COUNTIF(Old_Patient_Records!$A$2:$A$549,Table4[[#This Row],[Patient_ID]])=0,"Orphan","Valid") -> Valid
A73: LAB-2072 | B73: PT-1083 | C73: Blood Glucose | D73: 03-24-2023 | E73: 209.7 | F73: mg/dL | G73: 70-110 | H73: Normal | I73: =IF(COUNTIF(Old_Patient_Records!$A$2:$A$549,Table4[[#This Row],[Patient_ID]])=0,"Orphan","Valid") -> Valid
A74: LAB-2073 | B74: PT-1248 | C74: BMI | D74: 11-Apr-2023 | E74: 51 | F74: kg/m2 | G74: 18.5-25 | H74: normal | I74: =IF(COUNTIF(Old_Patient_Records!$A$2:$A$549,Table4[[#This Row],[Patient_ID]])=0,"Orphan","Valid") -> Valid
A75: LAB-2074 | B75: PT-1251 | C75: Blood Pressure | D75: 11-20-2023 | E75: 33.9 | F75: mmHg | G75: 90/60-120/80 | H75: abnormal | I75: =IF(COUNTIF(Old_Patient_Records!$A$2:$A$549,Table4[[#This Row],[Patient_ID]])=0,"Orphan","Valid") -> Valid
A76: LAB-2075 | B76: PT-1011 | C76: Cholesterol | D76: 17.07.2021 | E76: 194.1 | F76: mg/dL | G76: 125-200 | H76: abnormal | I76: =IF(COUNTIF(Old_Patient_Records!$A$2:$A$549,Table4[[#This Row],[Patient_ID]])=0,"Orphan","Valid") -> Valid
A77: LAB-2076 | B77: PT-1400 | C77: BMI | D77: 2021-09-16 | F77: kg/m2 | G77: 18.5-25 | H77: normal | I77: =IF(COUNTIF(Old_Patient_Records!$A$2:$A$549,Table4[[#This Row],[Patient_ID]])=0,"Orphan","Valid") -> Valid
A78: LAB-2077 | B78: PT-1151 | C78: Blood Pressure | D78: 12-13-2022 | E78: 139.9 | F78: mmHg | G78: 90/60-120/80 | I78: =IF(COUNTIF(Old_Patient_Records!$A$2:$A$549,Table4[[#This Row],[Patient_ID]])=0,"Orphan","Valid") -> Valid
A79: LAB-2078 | B79: PT-1185 | C79: Blood Pressure | D79: 09-Jan-2022 | E79: 241.7 | F79: mmHg | G79: 90/60-120/80 | H79: Pending | I79: =IF(COUNTIF(Old_Patient_Records!$A$2:$A$549,Table4[[#This Row],[Patient_ID]])=0,"Orphan","Valid") -> Valid
A80: LAB-2079 | B80: PT-1188 | C80: Cholesterol | D80: 2022/12/26 | E80: 195.1 | F80: mg/dL | G80: 125-200 | H80: Low | I80: =IF(COUNTIF(Old_Patient_Records!$A$2:$A$549,Table4[[#This Row],[Patient_ID]])=0,"Orphan","Valid") -> Valid
A81: LAB-2080 | B81: PT-1413 | C81: BMI | D81: 17.04.2022 | E81: 16.5 | F81: kg/m2 | G81: 18.5-25 | H81: Pending | I81: =IF(COUNTIF(Old_Patient_Records!$A$2:$A$549,Table4[[#This Row],[Patient_ID]])=0,"Orphan","Valid") -> Valid
A82: LAB-2081 | B82: PT-1169 | C82: Cholesterol | D82: 09.04.2022 | E82: 171.7 | F82: mg/dL | G82: 125-200 | H82: Low | I82: =IF(COUNTIF(Old_Patient_Records!$A$2:$A$549,Table4[[#This Row],[Patient_ID]])=0,"Orphan","Valid") -> Valid
A83: LAB-2082 | B83: PT-1300 | C83: BMI | D83: 04-01-2023 | E83: 215.3 | F83: kg/m2 | G83: 18.5-25 | H83: Critical | I83: =IF(COUNTIF(Old_Patient_Records!$A$2:$A$549,Table4[[#This Row],[Patient_ID]])=0,"Orphan","Valid") -> Valid
A84: LAB-2083 | B84: PT-1483 | C84: BMI | D84: 2022-09-07 | E84: 119.7 | F84: kg/m2 | G84: 18.5-25 | H84: High | I84: =IF(COUNTIF(Old_Patient_Records!$A$2:$A$549,Table4[[#This Row],[Patient_ID]])=0,"Orphan","Valid") -> Valid
A85: LAB-2084 | B85: PT-1085 | C85: Hemoglobin | D85: 2021-05-17 | E85: 56.1 | F85: g/dL | G85: 12-17 | H85: Critical | I85: =IF(COUNTIF(Old_Patient_Records!$A$2:$A$549,Table4[[#This Row],[Patient_ID]])=0,"Orphan","Valid") -> Valid
A86: LAB-2085 | B86: PT-1201 | C86: Cholesterol | D86: 12-May-2022 | E86: 192.3 | F86: mg/dL | G86: 125-200 | H86: Low | I86: =IF(COUNTIF(Old_Patient_Records!$A$2:$A$549,Table4[[#This Row],[Patient_ID]])=0,"Orphan","Valid") -> Valid
A87: LAB-2086 | B87: PT-1030 | C87: WBC Count | D87: 04-09-2022 | E87: 65.9 | F87: cells/uL | G87: 4500-11000 | H87: Low | I87: =IF(COUNTIF(Old_Patient_Records!$A$2:$A$549,Table4[[#This Row],[Patient_ID]])=0,"Orphan","Valid") -> Valid
A88: LAB-2087 | B88: PT-1139 | C88: Blood Pressure | D88: 07-19-2022 | E88: 55.4 | F88: mmHg | G88: 90/60-120/80 | H88: Normal | I88: =IF(COUNTIF(Old_Patient_Records!$A$2:$A$549,Table4[[#This Row],[Patient_ID]])=0,"Orphan","Valid") -> Valid
A89: LAB-2088 | B89: PT-1492 | C89: WBC Count | D89: 23/08/2023 | E89: 133.4 | F89: cells/uL | G89: 4500-11000 | I89: =IF(COUNTIF(Old_Patient_Records!$A$2:$A$549,Table4[[#This Row],[Patient_ID]])=0,"Orphan","Valid") -> Valid
A90: LAB-2089 | B90: PT-1162 | C90: Hemoglobin | D90: 12-01-2022 | E90: 42.7 | F90: g/dL | G90: 12-17 | H90: Normal | I90: =IF(COUNTIF(Old_Patient_Records!$A$2:$A$549,Table4[[#This Row],[Patient_ID]])=0,"Orphan","Valid") -> Valid
A91: LAB-2090 | B91: PT-1256 | C91: Blood Pressure | D91: 11.12.2021 | E91: 32.6 | F91: mmHg | G91: 90/60-120/80 | I91: =IF(COUNTIF(Old_Patient_Records!$A$2:$A$549,Table4[[#This Row],[Patient_ID]])=0,"Orphan","Valid") -> Valid
A92: LAB-2091 | B92: PT-1049 | C92: Hemoglobin | D92: 13/01/2023 | E92: 26.7 | F92: g/dL | G92: 12-17 | I92: =IF(COUNTIF(Old_Patient_Records!$A$2:$A$549,Table4[[#This Row],[Patient_ID]])=0,"Orphan","Valid") -> Valid
A93: LAB-2092 | B93: PT-1276 | C93: WBC Count | D93: 28.07.2022 | E93: 18.9 | F93: cells/uL | G93: 4500-11000 | H93: HIGH | I93: =IF(COUNTIF(Old_Patient_Records!$A$2:$A$549,Table4[[#This Row],[Patient_ID]])=0,"Orphan","Valid") -> Valid
A94: LAB-2093 | B94: PT-1412 | C94: Hemoglobin | D94: 2023-01-01 | E94: 107.8 | F94: g/dL | G94: 12-17 | H94: Normal | I94: =IF(COUNTIF(Old_Patient_Records!$A$2:$A$549,Table4[[#This Row],[Patient_ID]])=0,"Orphan","Valid") -> Valid
A95: LAB-2094 | B95: PT-1087 | C95: Blood Glucose | D95: 08.06.2023 | E95: 64.5 | F95: mg/dL | G95: 70-110 | H95: HIGH | I95: =IF(COUNTIF(Old_Patient_Records!$A$2:$A$549,Table4[[#This Row],[Patient_ID]])=0,"Orphan","Valid") -> Valid
A96: LAB-2095 | B96: PT-1011 | C96: Blood Glucose | D96: 2023/02/09 | E96: 142.4 | F96: mg/dL | G96: 70-110 | H96: Pending | I96: =IF(COUNTIF(Old_Patient_Records!$A$2:$A$549,Table4[[#This Row],[Patient_ID]])=0,"Orphan","Valid") -> Valid
A97: LAB-2096 | B97: PT-1266 | C97: WBC Count | D97: 2021/07/21 | E97: 149.6 | F97: cells/uL | G97: 4500-11000 | H97: High | I97: =IF(COUNTIF(Old_Patient_Records!$A$2:$A$549,Table4[[#This Row],[Patient_ID]])=0,"Orphan","Valid") -> Valid
A98: LAB-2097 | B98: PT-1211 | C98: Blood Glucose | D98: 14-May-2023 | E98: 93.4 | F98: mg/dL | G98: 70-110 | H98: Normal | I98: =IF(COUNTIF(Old_Patient_Records!$A$2:$A$549,Table4[[#This Row],[Patient_ID]])=0,"Orphan","Valid") -> Valid
A99: LAB-2098 | B99: PT-1251 | C99: Hemoglobin | D99: 2023-12-07 | E99: 213.8 | F99: g/dL | G99: 12-17 | H99: Critical | I99: =IF(COUNTIF(Old_Patient_Records!$A$2:$A$549,Table4[[#This Row],[Patient_ID]])=0,"Orphan","Valid") -> Valid
A100: LAB-2099 | B100: PT-1231 | C100: WBC Count | D100: 2022-01-06 | F100: cells/uL | G100: 4500-11000 | H100: abnormal | I100: =IF(COUNTIF(Old_Patient_Records!$A$2:$A$549,Table4[[#This Row],[Patient_ID]])=0,"Orphan","Valid") -> Valid
A101: LAB-2100 | B101: PT-1408 | C101: Blood Glucose | D101: 06-04-2022 | E101: 201.5 | F101: mg/dL | G101: 70-110 | H101: abnormal | I101: =IF(COUNTIF(Old_Patient_Records!$A$2:$A$549,Table4[[#This Row],[Patient_ID]])=0,"Orphan","Valid") -> Valid
A102: LAB-2101 | B102: PT-1498 | C102: Hemoglobin | D102: 27-Oct-2022 | E102: 72.8 | F102: g/dL | G102: 12-17 | H102: HIGH | I102: =IF(COUNTIF(Old_Patient_Records!$A$2:$A$549,Table4[[#This Row],[Patient_ID]])=0,"Orphan","Valid") -> Valid
A103: LAB-2102 | B103: PT-1398 | C103: Cholesterol | D103: 19-Dec-2021 | E103: 186.5 | F103: mg/dL | G103: 125-200 | H103: High | I103: =IF(COUNTIF(Old_Patient_Records!$A$2:$A$549,Table4[[#This Row],[Patient_ID]])=0,"Orphan","Valid") -> Valid
A104: LAB-2103 | B104: PT-1494 | C104: Hemoglobin | D104: 05.07.2021 | E104: 82.6 | F104: g/dL | G104: 12-17 | H104: Critical | I104: =IF(COUNTIF(Old_Patient_Records!$A$2:$A$549,Table4[[#This Row],[Patient_ID]])=0,"Orphan","Valid") -> Valid
A105: LAB-2104 | B105: PT-1137 | C105: Hemoglobin | D105: 09-22-2023 | E105: 190.4 | F105: g/dL | G105: 12-17 | H105: abnormal | I105: =IF(COUNTIF(Old_Patient_Records!$A$2:$A$549,Table4[[#This Row],[Patient_ID]])=0,"Orphan","Valid") -> Valid
A106: LAB-2105 | B106: PT-1209 | C106: Blood Pressure | D106: 17/08/2021 | E106: 240 | F106: mmHg | G106: 90/60-120/80 | H106: HIGH | I106: =IF(COUNTIF(Old_Patient_Records!$A$2:$A$549,Table4[[#This Row],[Patient_ID]])=0,"Orphan","Valid") -> Valid
A107: LAB-2106 | B107: PT-1016 | C107: BMI | D107: 2023/03/27 | E107: 190.4 | F107: kg/m2 | G107: 18.5-25 | H107: High | I107: =IF(COUNTIF(Old_Patient_Records!$A$2:$A$549,Table4[[#This Row],[Patient_ID]])=0,"Orphan","Valid") -> Valid
A108: LAB-2107 | B108: PT-1407 | C108: Cholesterol | D108: 2022/11/28 | E108: 213.8 | F108: mg/dL | G108: 125-200 | H108: abnormal | I108: =IF(COUNTIF(Old_Patient_Records!$A$2:$A$549,Table4[[#This Row],[Patient_ID]])=0,"Orphan","Valid") -> Valid
...

Sheet Pivot_Tables
A2: Diagnosis | B2: Average of Bill_Amount | D2: Count of Gender | E2: Gender | O2: Age Group | P2: Count of Patient_ID2 | Q2: Percent of Patient_ID
A3: Arthritis | B3: 29863.701 | D3: Department | E3: Female | F3: Male | G3: Other | H3: Grand Total | O3: Adult | P3: 189 | Q3: 0.35
A4: Thyroid Disorder | B4: 28203.213 | D4: Cardiology | E4: 43 | F4: 49 | G4: 14 | H4: 106 | O4: Child | P4: 107 | Q4: 0.19814815
A5: Heart Disease | B5: 27518.682 | D5: Dermatology | E5: 13 | F5: 17 | G5: 4 | H5: 34 | O5: Senior | P5: 181 | Q5: 0.33518519
A6: Allergy | B6: 26509.152 | D6: Endocrinology | E6: 19 | F6: 20 | G6: 5 | H6: 44 | O6: Unknown | P6: 20 | Q6: 0.037037037
A7: Anxiety | B7: 26317.88 | D7: Ent | E7: 13 | F7: 10 | G7: 6 | H7: 29 | O7: Young Adult | P7: 43 | Q7: 0.07962963
A8: Covid19 | B8: 25305.122 | D8: Gastroenterology | E8: 20 | F8: 15 | G8: 6 | H8: 41 | O8: Grand Total | P8: 540 | Q8: 1
A9: Asthma | B9: 25286.913 | D9: General Medicine | E9: 13 | F9: 15 | G9: 9 | H9: 37
A10: Pneumonia | B10: 24962.895 | D10: Nephrology | E10: 14 | F10: 14 | G10: 6 | H10: 34 | O10: TOP5 COSTLIEST PATIENTS
A11: Tuberculosis | B11: 24791.926 | D11: Neurology | E11: 16 | F11: 15 | G11: 3 | H11: 34 | O11: Row Labels | P11: Sum of Bill_Amount
A12: Migraine | B12: 24616.86 | D12: Oncology | E12: 15 | F12: 15 | H12: 30 | O12: Valentina Iyer | P12: 97966.8
A13: Grand Total | B13: 26064.251 | D13: Orthopedics | E13: 38 | F13: 35 | G13: 9 | H13: 82 | O13: Robert Liu | P13: 89109.57
D14: Pediatrics | E14: 15 | F14: 17 | G14: 4 | H14: 36 | O14: Valentina Rodriguez | P14: 85288.55
D15: Psychiatry | E15: 12 | F15: 16 | G15: 5 | H15: 33 | O15: Hiroshi Reddy | P15: 84009.88
D16: Grand Total | E16: 231 | F16: 238 | G16: 71 | H16: 540 | O16: Juan Sanchez | P16: 83305.57
O17: Grand Total | P17: 439680.37
B19: Department-wise Monthly Billing Heatmap
A20: Department | B20: Jan | C20: Feb | D20: Mar | E20: Apr | F20: May | G20: Jun | H20: Jul | I20: Aug | J20: Sep | K20: Oct | L20: Nov | M20: Dec | O20: Sum of Bill_Amount | P20: Year
A21: Cardiology | B21: 348481.29 | C21: 231805.6 | D21: 304994.69 | E21: 326603.58 | F21: 343578.78 | G21: 97152.64 | H21: 343264.1 | I21: 164673.18 | J21: 106887.89 | K21: 170183.72 | L21: 55078.45 | M21: 237397.34 | P21: 2021 | Q21: 2022 | R21: 2023 | S21: Grand Total
A22: Dermatology | B22: 7522.8 | C22: 184802.08 | D22: 62989.46 | E22: 59743.28 | F22: 82205.1 | G22: 88463.46 | I22: 57539.61 | J22: 55425.3 | K22: 19885.72 | L22: 107598.39 | M22: 82941.84 | O22: City
A23: Endocrinology | B23: 181281.67 | C23: 51576.87 | D23: 43171.49 | E23: 142672.81 | F23: 16429.2 | G23: 86064.99 | H23: 35724.67 | I23: 167157.35 | J23: 143150.97 | K23: 29724.21 | L23: 47698.24 | M23: 80087.09 | O23: Ahmedabad | P23: 248928.03 | Q23: 296067.32 | R23: 221841.62 | S23: 766836.97
A24: Ent | B24: 78290.25 | C24: 123079.9 | D24: 4321.48 | E24: 11993.04 | F24: 30725.23 | G24: 15145.68 | H24: 55719.96 | I24: 76148.16 | J24: 63323.84 | K24: 69807.04 | L24: 59554.96 | M24: 60411.66 | O24: Bengaluru | P24: 556584.15 | Q24: 459203.52 | R24: 520636 | S24: 1536423.7
A25: Gastroenterology | B25: 62987.6 | C25: 121487.33 | D25: 92403.78 | E25: 81128.4 | F25: 89924.48 | G25: 20625.49 | H25: 105545.84 | I25: 107867.2 | J25: 50895.96 | K25: 1061.85 | L25: 97886.08 | M25: 45256.48 | O25: Chennai | P25: 444337.32 | Q25: 315562.89 | R25: 508550.45 | S25: 1268450.7
A26: General Medicine | B26: 105519.22 | C26: 35510.31 | D26: 20931.83 | E26: 90359.47 | F26: 158784.13 | H26: 43252.29 | I26: 102432.18 | J26: 47809.72 | K26: 76545.77 | L26: 44662.87 | M26: 73778.95 | O26: Chicago | P26: 168365.92 | Q26: 118539.9 | R26: 144543.16 | S26: 431448.98
A27: Nephrology | B27: 26510.16 | C27: 119839.16 | D27: 188735.24 | E27: 122216.23 | F27: 18791.59 | G27: 127777.51 | H27: 66155.45 | I27: 32459.78 | J27: 82120.24 | K27: 108646.37 | L27: 118228.73 | M27: 14847.88 | O27: Delhi | P27: 430625.31 | Q27: 353052.52 | R27: 507386.18 | S27: 1291064
A28: Neurology | B28: 110029.38 | C28: 97892.74 | D28: 75269.19 | E28: 88231.46 | F28: 108340.54 | G28: 119922.19 | I28: 127665.36 | J28: 49154.97 | L28: 4280.78 | M28: 26490.25 | O28: Houston | P28: 269080.27 | Q28: 182328.81 | R28: 186734.94 | S28: 638144.02
A29: Oncology | B29: 79296.82 | C29: 79687.05 | D29: 53790.49 | E29: 29732.58 | F29: 26010.78 | G29: 140449.63 | H29: 86645.13 | I29: 25106.56 | J29: 43668.91 | K29: 61205.6 | L29: 89748.83 | M29: 33727.47 | O29: Hyderabad | P29: 341992.61 | Q29: 329343.56 | R29: 284463.72 | S29: 955799.89
A30: Orthopedics | B30: 207609.3 | C30: 148420.28 | D30: 129087.04 | E30: 154494.38 | F30: 100604.4 | G30: 130102.24 | H30: 190270.94 | I30: 311641.22 | J30: 60725.66 | K30: 137697.64 | L30: 101888.65 | M30: 204149.28 | O30: Jaipur | P30: 90775.26 | Q30: 381527.74 | R30: 101766.38 | S30: 574069.38
A31: Pediatrics | B31: 85482.39 | C31: 77286.24 | D31: 126256.85 | E31: 40680.29 | F31: 135933.74 | G31: 33482.67 | H31: 153104.87 | I31: 76679.05 | J31: 48732.76 | K31: 18849.89 | L31: 4007.55 | M31: 5651.76 | O31: Kolkata | P31: 239999.89 | Q31: 157525.81 | R31: 98004.03 | S31: 495529.73
A32: Psychiatry | B32: 97477.61 | C32: 66133.72 | E32: 44697.98 | F32: 36677.15 | G32: 178997.8 | H32: 43124.4 | I32: 69383.59 | J32: 143460.36 | K32: 65239.25 | L32: 94083.35 | M32: 29044.13 | O32: London | P32: 222910.2 | Q32: 113135.44 | R32: 110130.16 | S32: 446175.8
O33: Los Angeles | P33: 96411.05 | Q33: 17514.28 | R33: 130209.15 | S33: 244134.48
O34: Mumbai | P34: 574019.56 | Q34: 465587.88 | R34: 664351.42 | S34: 1703958.9
O35: New York | P35: 100971.09 | Q35: 310062.06 | R35: 140186.94 | S35: 551220.09
O36: Pune | P36: 329284.01 | Q36: 366201.76 | R36: 568323.57 | S36: 1263809.3
O37: Sydney | P37: 213319.57 | Q37: 42009.09 | R37: 143944.31 | S37: 399272.97
O38: Toronto | P38: 134577.07 | Q38: 111635.46 | R38: 210418.39 | S38: 456630.92
O39: Grand Total | P39: 4462181.3 | Q39: 4019298 | R39: 4541490.4 | S39: 13022970

Sheet Dashboard
E1: HOSPITAL ANALYTICS RECORD
C2: TOTAL PATIENTS | F2: AVERAGE AGE | J2: TOTAL BILLING | M2: %INSURED
C3: =COUNTA(Table1_3[Patient_ID]) -> 540 | F3: =AVERAGE(Table1_3[Age]) -> 46.761538 | J3: 13022970 | M3: =COUNTIF(Old_Patient_Records!$K$2:$K$549,"Yes")/COUNTA(Old_Patient_Records!$A$2:$A$549) -> 0.14233577
L4: Top 5 Costliest Patients
L5: PATIENTS NAME | M5: SUM OF BILL
L6: Hiroshi Reddy | M6: 84009.88
L7: Juan Sanchez | M7: 83305.57
L8: Robert Liu | M8: 89109.57
L9: Valentina Iyer | M9: 97966.8
L10: Valentina Rodriguez | M10: 85288.55
